POST_CODE,MUNICIPALITY,CITY_SHIRE,SUBURB_GROUP,2012,2013,2014,2015,2016,2017,2018,2019,2020,2021,2022,prelim 2023,change 2021-22,change 2021-22,Growth PA,SUBURB_NAMES
3053,Inner City municipalities and their suburbs,City of Melbourne,Inner,870000.0,1002500.0,1020000.0,830000.0,1050000.0,1470000.0,1625000.0,1308000.0,1452500,1492500,1500000,1610000,1,72,5.6,Carlton
3054,Inner City municipalities and their suburbs,City of Melbourne,Inner,940000.0,890500.0,1095000.0,1177500.0,1360000.0,1628000.0,1445000.0,1555000.0,1500000,1718500,1645000,1595000,-4,75,5.8,"Carlton North, Carlton North, Princes Hill"
3054,Inner City municipalities and their suburbs,City of Yarra,Mid,940000.0,890500.0,1095000.0,1177500.0,1360000.0,1628000.0,1445000.0,1555000.0,1500000,1718500,1645000,1595000,-4,75,5.8,"Carlton North, Carlton North, Princes Hill"
3054,Inner City municipalities and their suburbs,City of Yarra,Mid,928500.0,1216500.0,1210000.0,1280000.0,1555000.0,1767500.0,1650000.0,2035000.0,1600000,1992500,1892500,1620000,-5,104,7.4,"Carlton North, Carlton North, Princes Hill"
3031,Inner City municipalities and their suburbs,City of Melbourne,Inner,652000.0,735500.0,730000.0,830000.0,918000.0,1100000.0,926500.0,1000000.0,1035000,1261500,1103500,1117500,-13,69,5.4,"Flemington, Kensington"
3031,Inner City municipalities and their suburbs,City of Melbourne,Inner,650000.0,690000.0,737500.0,823500.0,908000.0,1019000.0,1020000.0,978000.0,1106500,1165000,1200000,927500,3,85,6.3,"Flemington, Kensington"
3051,Inner City municipalities and their suburbs,City of Melbourne,Inner,775000.0,802500.0,832000.0,943000.0,1200000.0,1380000.0,1185000.0,1375000.0,1150000,1313000,1305000,1080000,-1,68,5.3,North Melbourne
3052,Inner City municipalities and their suburbs,City of Melbourne,Inner,1360000.0,1200000.0,1525000.0,1360500.0,2130000.0,2287500.0,2430000.0,1480000.0,1837500,2301500,1910000,2500000,-17,40,3.5,Parkville
3207,Inner City municipalities and their suburbs,City of Melbourne,Inner,962500.0,995000.0,917500.0,1252500.0,1380000.0,1485000.0,1488000.0,1400000.0,1595000,1805000,1646000,1735000,-9,71,5.5,"Port Melbourne, Port Melbourne, Garden City"
3207,Inner City municipalities and their suburbs,City of Port Phillip,Inner,962500.0,995000.0,917500.0,1252500.0,1380000.0,1485000.0,1488000.0,1400000.0,1595000,1805000,1646000,1735000,-9,71,5.5,"Port Melbourne, Port Melbourne, Garden City"
3207,Inner City municipalities and their suburbs,City of Port Phillip,Inner,965000.0,1055000.0,1055000.0,1320000.0,1440000.0,1650000.0,1507500.0,1375000.0,1602500,2074500,1850000,,-11,92,6.7,"Port Melbourne, Port Melbourne, Garden City"
3141,Inner City municipalities and their suburbs,City of Melbourne,Inner,1238000.0,1352500.0,1450000.0,1700000.0,1890000.0,2035000.0,1851000.0,1850000.0,2059000,2353000,1937500,2700000,-18,57,4.6,"South Yarra, South Yarra"
3141,Southeastern municipalities and their suburbs,City of Stonnington,Mid,1238000.0,1352500.0,1450000.0,1700000.0,1890000.0,2035000.0,1851000.0,1850000.0,2059000,2353000,1937500,2700000,-18,57,4.6,"South Yarra, South Yarra"
3003,Inner City municipalities and their suburbs,City of Melbourne,Inner,720000.0,905000.0,916000.0,1005000.0,1104500.0,1350000.0,1370000.0,1017500.0,1215000,1290000,1387500,1055000,8,93,6.8,West Melbourne
3206,Inner City municipalities and their suburbs,City of Port Phillip,Inner,1270000.0,1360000.0,1503000.0,1700000.0,1775000.0,2150000.0,2070000.0,1990000.0,1895000,2355000,2475000,2097000,5,95,6.9,"Albert Park, Middle Park"
3206,Inner City municipalities and their suburbs,City of Port Phillip,Inner,1415000.0,1587500.0,2125000.0,2317000.0,2238500.0,2390000.0,2685000.0,2775000.0,2680000,2864000,2750000,2485000,-4,94,6.9,"Albert Park, Middle Park"
3183,Inner City municipalities and their suburbs,City of Port Phillip,Inner,717500.0,860500.0,942000.0,1100000.0,1242500.0,1385500.0,1190000.0,1405000.0,1418000,1550000,1527000,1342500,-2,113,7.8,"Balaclava, St Kilda East, St Kilda East"
3183,Inner City municipalities and their suburbs,City of Port Phillip,Inner,993000.0,1050500.0,1037500.0,1382500.0,1677500.0,1460000.0,1620000.0,1560500.0,1650000,1840000,1770000,1314000,-4,78,6.0,"Balaclava, St Kilda East, St Kilda East"
3183,Southeastern municipalities and their suburbs,City of Glen Eira,Mid,993000.0,1050500.0,1037500.0,1382500.0,1677500.0,1460000.0,1620000.0,1560500.0,1650000,1840000,1770000,1314000,-4,78,6.0,"Balaclava, St Kilda East, St Kilda East"
3184,Inner City municipalities and their suburbs,City of Port Phillip,Inner,1287500.0,1350000.0,1412500.0,1631000.0,1830000.0,1900000.0,2140000.0,1950000.0,2110000,2217500,2600000,2030000,17,102,7.3,Elwood
3185,Southeastern municipalities and their suburbs,City of Glen Eira,Mid,1055000.0,985000.0,1000000.0,1360000.0,1700000.0,1787500.0,1564000.0,1350000.0,2001000,1892500,1530000,1747500,-19,45,3.8,"Ripponlea, Gardenvale, Elsternwick, Gardenvale"
3185,Southeastern municipalities and their suburbs,City of Glen Eira,Mid,956000.0,1150000.0,1180000.0,1348000.0,1857500.0,1880000.0,1830000.0,1740000.0,1900000,2120000,2005000,3000000,-5,110,7.7,"Ripponlea, Gardenvale, Elsternwick, Gardenvale"
3185,Southeastern municipalities and their suburbs,City of Glen Eira,Mid,956000.0,1150000.0,1180000.0,1348000.0,1857500.0,1880000.0,1830000.0,1740000.0,1900000,2120000,2005000,3000000,-5,110,7.7,"Ripponlea, Gardenvale, Elsternwick, Gardenvale"
3185,Southeastern municipalities and their suburbs,City of Glen Eira,Mid,1155000.0,1365000.0,1315000.0,1621000.0,1723500.0,2087500.0,1970000.0,1825000.0,2081000,2175000,2275000,2325000,5,97,7.0,"Ripponlea, Gardenvale, Elsternwick, Gardenvale"
3182,Inner City municipalities and their suburbs,City of Port Phillip,Inner,861000.0,892000.0,1225000.0,1164000.0,1305000.0,1551000.0,1755000.0,1600000.0,1330000,1680000,1635000,1116500,-3,90,6.6,"St Kilda, St Kilda West"
3182,Inner City municipalities and their suburbs,City of Port Phillip,Inner,1262500.0,1142500.0,2235000.0,2013000.0,1797000.0,2380000.0,1942500.0,2465000.0,2630000,3300000,2505000,4000000,-24,98,7.1,"St Kilda, St Kilda West"
3205,Inner City municipalities and their suburbs,City of Port Phillip,Inner,930000.0,1030000.0,1200000.0,1310000.0,1595000.0,1532500.0,1465000.0,1355000.0,1580000,1710000,1850000,2045000,8,99,7.1,South Melbourne
3067,Inner City municipalities and their suburbs,City of Yarra,Mid,714000.0,792500.0,862500.0,925000.0,1187500.0,1280000.0,1192500.0,1050000.0,1200000,1365000,1341500,1409000,-2,88,6.5,Abbotsford
3078,Inner City municipalities and their suburbs,City of Yarra,Mid,1000000.0,1080000.0,1029000.0,1296500.0,1272500.0,1560000.0,1612500.0,1455000.0,1865000,2280000,2195000,2185000,-4,120,8.2,"Alphington, Fairfield, Alphington, Fairfield"
3078,Northern municipalities and their suburbs,City of Darebin,Mid,1000000.0,1080000.0,1029000.0,1296500.0,1272500.0,1560000.0,1612500.0,1455000.0,1865000,2280000,2195000,2185000,-4,120,8.2,"Alphington, Fairfield, Alphington, Fairfield"
3078,Inner City municipalities and their suburbs,City of Yarra,Mid,825000.0,915000.0,945000.0,1111500.0,1303000.0,1496000.0,1316000.0,1295000.0,1395500,1700000,1800000,1304000,6,118,8.1,"Alphington, Fairfield, Alphington, Fairfield"
3078,Northern municipalities and their suburbs,City of Darebin,Mid,825000.0,915000.0,945000.0,1111500.0,1303000.0,1496000.0,1316000.0,1295000.0,1395500,1700000,1800000,1304000,6,118,8.1,"Alphington, Fairfield, Alphington, Fairfield"
3121,Inner City municipalities and their suburbs,City of Yarra,Mid,797500.0,836000.0,1100000.0,999000.0,1215000.0,1405000.0,1277500.0,1188500.0,1497500,1595000,1565000,1748000,-2,96,7.0,"Burnley, Cremorne, Richmond"
3121,Inner City municipalities and their suburbs,City of Yarra,Mid,701000.0,821000.0,886500.0,1030000.0,1072000.0,1230000.0,1420000.0,1290000.0,1405000,1500000,1312500,1680000,-13,87,6.5,"Burnley, Cremorne, Richmond"
3121,Inner City municipalities and their suburbs,City of Yarra,Mid,823000.0,900000.0,961000.0,1150000.0,1265000.0,1302500.0,1311000.0,1260000.0,1365000,1482500,1396500,1340000,-6,70,5.4,"Burnley, Cremorne, Richmond"
3068,Inner City municipalities and their suburbs,City of Yarra,Mid,801500.0,867000.0,965000.0,1085000.0,1220000.0,1390000.0,1364500.0,1348000.0,1375000,1750000,1720000,1603000,-2,115,7.9,"Clifton Hill, Fitzroy North"
3068,Inner City municipalities and their suburbs,City of Yarra,Mid,871000.0,976000.0,1014000.0,1188000.0,1279000.0,1450000.0,1475000.0,1385000.0,1600000,1706000,1620000,1600000,-5,86,6.4,"Clifton Hill, Fitzroy North"
3066,Inner City municipalities and their suburbs,City of Yarra,Mid,734000.0,741000.0,775000.0,914000.0,920000.0,1205000.0,1110000.0,1060000.0,1155000,1251500,1295500,1062500,4,77,5.8,Collingwood
3065,Inner City municipalities and their suburbs,City of Yarra,Mid,918500.0,945000.0,1130000.0,1297500.0,1600000.0,1625000.0,1450000.0,1400000.0,1400000,1520000,1502500,1715000,-1,64,5.0,Fitzroy
3088,Northern municipalities and their suburbs,City of Banyule,Mid,540000.0,572500.0,633000.0,680000.0,721500.0,833000.0,880000.0,823500.0,863000,1015000,979000,900000,-4,81,6.1,"Briar Hill, Greensborough, St Helena, Greensborough"
3088,Northern municipalities and their suburbs,City of Banyule,Mid,491000.0,534000.0,574000.0,635000.0,717000.0,830000.0,815000.0,798000.0,850000,1001000,996500,938500,0,103,7.3,"Briar Hill, Greensborough, St Helena, Greensborough"
3088,Northern municipalities and their suburbs,Shire of Nillumbik,Outer,491000.0,534000.0,574000.0,635000.0,717000.0,830000.0,815000.0,798000.0,850000,1001000,996500,938500,0,103,7.3,"Briar Hill, Greensborough, St Helena, Greensborough"
3088,Northern municipalities and their suburbs,City of Banyule,Mid,550500.0,612500.0,623000.0,711000.0,800000.0,893500.0,910000.0,905000.0,930000,1137500,1202500,1134000,6,118,8.1,"Briar Hill, Greensborough, St Helena, Greensborough"
3083,Northern municipalities and their suburbs,City of Banyule,Mid,485000.0,530000.0,553500.0,600500.0,652000.0,753000.0,730000.0,735000.0,745000,865000,853000,850000,-1,76,5.8,"Bundoora, Bundoora, Kingsbury, Bundoora"
3083,Northern municipalities and their suburbs,City of Banyule,Mid,485000.0,530000.0,553500.0,600500.0,652000.0,753000.0,730000.0,735000.0,745000,865000,853000,850000,-1,76,5.8,"Bundoora, Bundoora, Kingsbury, Bundoora"
3083,Northern municipalities and their suburbs,City of Banyule,Mid,485000.0,530000.0,553500.0,600500.0,652000.0,753000.0,730000.0,735000.0,745000,865000,853000,850000,-1,76,5.8,"Bundoora, Bundoora, Kingsbury, Bundoora"
3083,Northern municipalities and their suburbs,City of Banyule,Mid,437500.0,470000.0,502500.0,560000.0,610000.0,731000.0,730000.0,660000.0,732500,850000,782000,774000,-8,79,6.0,"Bundoora, Bundoora, Kingsbury, Bundoora"
3084,Northern municipalities and their suburbs,City of Banyule,Mid,1343500.0,1340000.0,1522500.0,1730000.0,1895500.0,1963000.0,1955000.0,1863000.0,2029000,2432500,2425000,2290000,0,80,6.1,"Eaglemont, Heidelberg, Rosanna, Viewbank"
3084,Northern municipalities and their suburbs,City of Banyule,Mid,750000.0,772500.0,840500.0,1060000.0,1150000.0,1280000.0,1114000.0,1107500.0,1283000,1500000,1410000,1265000,-6,88,6.5,"Eaglemont, Heidelberg, Rosanna, Viewbank"
3084,Northern municipalities and their suburbs,City of Banyule,Mid,652500.0,717500.0,781500.0,905000.0,980000.0,1175000.0,1100000.0,1032500.0,1122500,1388000,1215000,1170000,-12,86,6.4,"Eaglemont, Heidelberg, Rosanna, Viewbank"
3084,Northern municipalities and their suburbs,City of Banyule,Mid,589000.0,630000.0,725000.0,829500.0,920000.0,1000000.0,933000.0,920000.0,985000,1238000,1220000,1083000,-1,107,7.6,"Eaglemont, Heidelberg, Rosanna, Viewbank"
3095,Northern municipalities and their suburbs,City of Banyule,Mid,590500.0,631500.0,670000.0,750000.0,820000.0,930000.0,942500.0,928000.0,995000,1234500,1261500,1040000,2,114,7.9,"Eltham, Eltham North, Eltham, Eltham North, Research"
3095,Northern municipalities and their suburbs,Shire of Nillumbik,Outer,590500.0,631500.0,670000.0,750000.0,820000.0,930000.0,942500.0,928000.0,995000,1234500,1261500,1040000,2,114,7.9,"Eltham, Eltham North, Eltham, Eltham North, Research"
3095,Northern municipalities and their suburbs,City of Banyule,Mid,580500.0,622000.0,680000.0,758000.0,850500.0,900000.0,930500.0,930000.0,1050000,1237500,1237000,1046000,0,113,7.9,"Eltham, Eltham North, Eltham, Eltham North, Research"
3095,Northern municipalities and their suburbs,Shire of Nillumbik,Outer,580500.0,622000.0,680000.0,758000.0,850500.0,900000.0,930500.0,930000.0,1050000,1237500,1237000,1046000,0,113,7.9,"Eltham, Eltham North, Eltham, Eltham North, Research"
3095,Northern municipalities and their suburbs,Shire of Nillumbik,Outer,622500.0,605500.0,685000.0,686000.0,825500.0,950000.0,915000.0,937500.0,1178000,1201000,1395000,,16,124,8.4,"Eltham, Eltham North, Eltham, Eltham North, Research"
3081,Northern municipalities and their suburbs,City of Banyule,Mid,500000.0,536500.0,555000.0,676500.0,750000.0,843000.0,820000.0,790000.0,805000,1000000,1041000,835000,4,108,7.6,"Heidelberg Heights, Heidelberg West"
3081,Northern municipalities and their suburbs,City of Banyule,Mid,400000.0,425500.0,461000.0,580000.0,630000.0,730000.0,700000.0,670000.0,719500,812500,807000,815000,-1,102,7.3,"Heidelberg Heights, Heidelberg West"
3079,Northern municipalities and their suburbs,City of Banyule,Mid,907500.0,1100000.0,1206000.0,1125000.0,1400000.0,1547500.0,1600000.0,1590000.0,1630000,1900000,1970000,1302500,4,117,8.1,"Ivanhoe, Ivanhoe East"
3079,Northern municipalities and their suburbs,City of Banyule,Mid,1200000.0,1310000.0,1513000.0,1542500.0,1764500.0,1975000.0,1914000.0,1775000.0,2055000,2225000,2200000,4775000,-1,83,6.2,"Ivanhoe, Ivanhoe East"
3094,Northern municipalities and their suburbs,City of Banyule,Mid,561000.0,570000.0,614000.0,732000.0,780500.0,890000.0,926000.0,860000.0,913000,1162000,1110000,1173500,-4,98,7.1,Montmorency
3087,Northern municipalities and their suburbs,City of Banyule,Mid,462000.0,505000.0,555000.0,607500.0,698000.0,835000.0,795000.0,736000.0,790000,980000,908500,751000,-7,97,7.0,"Watsonia, Watsonia North"
3087,Northern municipalities and their suburbs,City of Banyule,Mid,462000.0,510000.0,572500.0,635000.0,702500.0,790000.0,770000.0,726500.0,795000,962500,897500,872000,-7,94,6.9,"Watsonia, Watsonia North"
3070,Northern municipalities and their suburbs,City of Darebin,Mid,786000.0,818000.0,935000.0,1008500.0,1190000.0,1325000.0,1345000.0,1307500.0,1413000,1655000,1656000,1690000,0,111,7.7,"Northcote, Westgarth"
3070,Northern municipalities and their suburbs,City of Darebin,Mid,840000.0,920000.0,1100000.0,1300000.0,1500000.0,1383000.0,1707500.0,1492500.0,1566000,2075000,1912500,1900000,-8,128,8.6,"Northcote, Westgarth"
3072,Northern municipalities and their suburbs,City of Darebin,Mid,580000.0,632500.0,690000.0,791000.0,882000.0,996000.0,980000.0,940000.0,1026000,1251000,1158000,1079000,-7,100,7.2,Preston
3073,Northern municipalities and their suburbs,City of Darebin,Mid,468500.0,510000.0,541000.0,615000.0,710000.0,812500.0,790000.0,754000.0,795000,945000,940000,815000,-1,101,7.2,Reservoir
3071,Northern municipalities and their suburbs,City of Darebin,Mid,715500.0,729000.0,840000.0,918000.0,1079500.0,1225000.0,1137500.0,1150000.0,1250000,1500000,1455000,1250000,-3,103,7.4,Thornbury
3047,Northern municipalities and their suburbs,City of Hume,Outer,320000.0,325000.0,345000.0,370000.0,416500.0,546000.0,575000.0,528000.0,552500,599500,603500,520000,1,89,6.5,"Broadmeadows, Dallas, Jacana"
3047,Northern municipalities and their suburbs,City of Hume,Outer,276500.0,280000.0,295000.0,321500.0,345000.0,430000.0,490000.0,451500.0,467500,526500,525000,495000,0,90,6.6,"Broadmeadows, Dallas, Jacana"
3047,Northern municipalities and their suburbs,City of Hume,Outer,310500.0,334000.0,342500.0,375000.0,423000.0,571500.0,555000.0,512500.0,555000,626000,642500,567500,3,107,7.5,"Broadmeadows, Dallas, Jacana"
3061,Northern municipalities and their suburbs,City of Hume,Outer,330000.0,330000.0,338000.0,374500.0,420000.0,507000.0,550000.0,533000.0,537500,602500,605000,593000,0,83,6.2,Campbellfield
3048,Northern municipalities and their suburbs,City of Hume,Outer,278000.0,290000.0,290000.0,302500.0,340000.0,451000.0,480000.0,441000.0,477000,500000,530000,500000,6,91,6.7,"Coolaroo, Meadow Heights"
3048,Northern municipalities and their suburbs,City of Hume,Outer,315000.0,317000.0,322500.0,350500.0,370000.0,451000.0,510000.0,474000.0,499000,557500,580000,535000,4,84,6.3,"Coolaroo, Meadow Heights"
3064,Northern municipalities and their suburbs,City of Hume,Outer,350000.0,360000.0,362000.0,390000.0,425000.0,502500.0,546500.0,525000.0,560000,620000,660000,646000,6,89,6.6,"Craigieburn, Roxburgh Park, Kalkallo, Mickleham, Donnybrook"
3064,Northern municipalities and their suburbs,City of Hume,Outer,355000.0,365000.0,385000.0,400000.0,435000.0,515000.0,546000.0,543000.0,572500,615000,652000,670000,6,84,6.3,"Craigieburn, Roxburgh Park, Kalkallo, Mickleham, Donnybrook"
3064,Northern municipalities and their suburbs,City of Hume,Outer,272500.0,450000.0,450000.0,180000.0,432500.0,529500.0,548000.0,538000.0,555000,611500,650000,645000,6,139,9.1,"Craigieburn, Roxburgh Park, Kalkallo, Mickleham, Donnybrook"
3064,Northern municipalities and their suburbs,City of Hume,Outer,,213000.0,168000.0,390000.0,437000.0,500500.0,520000.0,525000.0,565000,626500,680000,670000,9,0,,"Craigieburn, Roxburgh Park, Kalkallo, Mickleham, Donnybrook"
3064,Northern municipalities and their suburbs,City of Whittlesea,Outer,,,,,,,530000.0,540000.0,620000,604000,665000,623000,10,,,"Craigieburn, Roxburgh Park, Kalkallo, Mickleham, Donnybrook"
3043,Northern municipalities and their suburbs,City of Hume,Outer,380000.0,392500.0,400000.0,460000.0,525000.0,645000.0,630000.0,636500.0,640000,728000,730000,677500,0,92,6.7,"Gladstone Park, Tullamarine, Gowanbrae, Tullamarine"
3043,Northern municipalities and their suburbs,City of Hume,Outer,393500.0,395000.0,412000.0,472500.0,530000.0,655000.0,665500.0,612000.0,640000,757500,760000,730000,0,93,6.8,"Gladstone Park, Tullamarine, Gowanbrae, Tullamarine"
3043,Northern municipalities and their suburbs,City of Moreland,Mid,393500.0,395000.0,412000.0,472500.0,530000.0,655000.0,665500.0,612000.0,640000,757500,760000,730000,0,93,6.8,"Gladstone Park, Tullamarine, Gowanbrae, Tullamarine"
3043,Northern municipalities and their suburbs,City of Moreland,Mid,467500.0,616500.0,557500.0,573000.0,619000.0,790000.0,727500.0,700500.0,739000,940000,900000,967500,-4,93,6.8,"Gladstone Park, Tullamarine, Gowanbrae, Tullamarine"
3059,Northern municipalities and their suburbs,City of Hume,Outer,537000.0,550000.0,539500.0,500000.0,510000.0,650000.0,720000.0,715000.0,720000,820000,880000,825000,7,64,5.1,Greenvale
3036,Northern municipalities and their suburbs,City of Hume,Outer,592500.0,572500.0,633000.0,703000.0,805000.0,845000.0,817000.0,836500.0,885000,1070500,1000000,1043500,-7,69,5.4,"Keilor, Keilor"
3036,Western municipalities and their suburbs,City of Brimbank,Mid,592500.0,572500.0,633000.0,703000.0,805000.0,845000.0,817000.0,836500.0,885000,1070500,1000000,1043500,-7,69,5.4,"Keilor, Keilor"
3429,Northern municipalities and their suburbs,City of Hume,Outer,350000.0,355000.0,360000.0,370000.0,395000.0,492000.0,546000.0,533500.0,570000,646500,670000,637500,4,91,6.7,Sunbury
3427,Northern municipalities and their suburbs,City of Hume,Outer,279000.0,280000.0,325000.0,325000.0,360000.0,440500.0,500000.0,515000.0,560000,614000,650500,670000,6,133,8.8,"Diggers Rest, Diggers Rest"
3427,Western municipalities and their suburbs,City of Melton,Outer,279000.0,280000.0,325000.0,325000.0,360000.0,440500.0,500000.0,515000.0,560000,614000,650500,670000,6,133,8.8,"Diggers Rest, Diggers Rest"
3040,Northern municipalities and their suburbs,City of Moonee Valley,Mid,852500.0,947500.0,1045000.0,1207500.0,1300000.0,1471000.0,1498500.0,1390000.0,1520000,1858000,1860000,,0,118,8.1,"Aberfeldie, Essendon, Essendon West"
3040,Northern municipalities and their suburbs,City of Moonee Valley,Mid,920000.0,870000.0,942000.0,1228000.0,1365000.0,1400000.0,1691000.0,1450000.0,1520000,1750000,1825000,1765000,4,98,7.1,"Aberfeldie, Essendon, Essendon West"
3040,Northern municipalities and their suburbs,City of Moonee Valley,Mid,720000.0,720000.0,785000.0,920000.0,962500.0,1296000.0,1221000.0,1180000.0,1275000,1390000,1265500,960000,-9,76,5.8,"Aberfeldie, Essendon, Essendon West"
3042,Northern municipalities and their suburbs,City of Moonee Valley,Mid,495000.0,532000.0,575000.0,635000.0,742000.0,845000.0,845000.0,795000.0,812500,965000,926500,795000,-4,87,6.5,"Airport West, Niddrie, Keilor Park"
3042,Northern municipalities and their suburbs,City of Moonee Valley,Mid,666000.0,700000.0,747500.0,832500.0,910000.0,1095000.0,1070000.0,1070000.0,1000500,1246000,1305000,903000,5,96,7.0,"Airport West, Niddrie, Keilor Park"
3042,Western municipalities and their suburbs,City of Brimbank,Mid,480000.0,455000.0,512500.0,565000.0,650000.0,741000.0,770000.0,704000.0,735000,820500,892500,795000,9,86,6.4,"Airport West, Niddrie, Keilor Park"
3032,Northern municipalities and their suburbs,City of Moonee Valley,Mid,701500.0,735000.0,810000.0,885000.0,1010000.0,1185000.0,1197500.0,1098500.0,1250000,1300000,1315000,1349000,1,87,6.5,"Ascot Vale, Travancore, Maribyrnong"
3032,Northern municipalities and their suburbs,City of Moonee Valley,Mid,810000.0,905000.0,848000.0,1100000.0,1305000.0,1415000.0,1475000.0,1125000.0,1617500,1800000,1455000,900000,-19,80,6.0,"Ascot Vale, Travancore, Maribyrnong"
3032,Western municipalities and their suburbs,City of Maribyrnong,Mid,646000.0,714000.0,750500.0,837500.0,940000.0,1056000.0,1050000.0,961500.0,936500,1165000,1160000,1055000,0,80,6.0,"Ascot Vale, Travancore, Maribyrnong"
3034,Northern municipalities and their suburbs,City of Moonee Valley,Mid,536000.0,532500.0,560000.0,650000.0,750000.0,845500.0,830000.0,810000.0,842500,965500,990000,857000,3,85,6.3,Avondale Heights
3041,Northern municipalities and their suburbs,City of Moonee Valley,Mid,686000.0,725000.0,840000.0,808000.0,875000.0,1100000.0,1145000.0,1100000.0,1260000,1400000,1510000,1055000,8,120,8.2,"Essendon North, Strathmore, Strathmore Heights"
3041,Northern municipalities and their suburbs,City of Moonee Valley,Mid,800000.0,827500.0,865000.0,997500.0,1140000.0,1230000.0,1357500.0,1310000.0,1360000,1591000,1605000,1200000,1,101,7.2,"Essendon North, Strathmore, Strathmore Heights"
3041,Northern municipalities and their suburbs,City of Moonee Valley,Mid,605000.0,621000.0,640000.0,700000.0,808000.0,970000.0,885000.0,800000.0,835000,962500,952500,1102500,-1,57,4.6,"Essendon North, Strathmore, Strathmore Heights"
3033,Northern municipalities and their suburbs,City of Moonee Valley,Mid,527500.0,560000.0,599000.0,651000.0,720000.0,843000.0,830000.0,835000.0,842000,1000000,992500,960000,-1,88,6.5,"Keilor East, Keilor East"
3033,Western municipalities and their suburbs,City of Brimbank,Mid,527500.0,560000.0,599000.0,651000.0,720000.0,843000.0,830000.0,835000.0,842000,1000000,992500,960000,-1,88,6.5,"Keilor East, Keilor East"
3039,Northern municipalities and their suburbs,City of Moonee Valley,Mid,775000.0,830500.0,920000.0,1006000.0,1110500.0,1310000.0,1360000.0,1300000.0,1290000,1540000,1550000,1065000,1,100,7.2,Moonee Ponds
3056,Northern municipalities and their suburbs,City of Moreland,Mid,673000.0,750000.0,815000.0,860500.0,946000.0,1200000.0,1100000.0,1037500.0,1100000,1350000,1325000,1300000,-2,97,7.0,Brunswick
3057,Northern municipalities and their suburbs,City of Moreland,Mid,713000.0,767000.0,819500.0,888000.0,998000.0,1150000.0,1170000.0,1011500.0,1286500,1440000,1355000,1201000,-6,90,6.6,Brunswick East
3055,Northern municipalities and their suburbs,City of Moreland,Mid,685000.0,745000.0,790000.0,866500.0,1005000.0,1155000.0,1160000.0,1061000.0,1177500,1342500,1285500,1225000,-4,88,6.5,Brunswick West
3058,Northern municipalities and their suburbs,City of Moreland,Mid,594000.0,633000.0,710000.0,778000.0,876000.0,1000000.0,966500.0,935500.0,1085000,1256000,1215000,1100000,-3,105,7.4,"Coburg, Coburg East, Coburg North"
3058,Northern municipalities and their suburbs,City of Moreland,Mid,466500.0,560000.0,597500.0,675000.0,765000.0,861000.0,841500.0,825000.0,975000,1102000,1060000,1112000,-4,127,8.6,"Coburg, Coburg East, Coburg North"
3058,Northern municipalities and their suburbs,City of Moreland,Mid,489500.0,538500.0,600000.0,665000.0,780000.0,821000.0,814000.0,805000.0,912500,1000000,1012500,900000,1,107,7.5,"Coburg, Coburg East, Coburg North"
3060,Northern municipalities and their suburbs,City of Moreland,Mid,406500.0,410000.0,444000.0,510000.0,587500.0,705000.0,720000.0,665000.0,715000,815000,770000,777000,-6,90,6.6,Fawkner
3046,Northern municipalities and their suburbs,City of Moreland,Mid,437500.0,454000.0,500000.0,560000.0,600000.0,730000.0,725000.0,700000.0,740000,835500,850000,735000,2,94,6.9,"Glenroy, Hadfield, Oak Park"
3046,Northern municipalities and their suburbs,City of Moreland,Mid,430000.0,461500.0,500000.0,550000.0,624500.0,740500.0,741500.0,730000.0,745000,890000,888000,795000,0,107,7.5,"Glenroy, Hadfield, Oak Park"
3046,Northern municipalities and their suburbs,City of Moreland,Mid,540000.0,576500.0,626000.0,660000.0,822500.0,853500.0,878500.0,840000.0,911500,1150000,1155000,840500,0,114,7.9,"Glenroy, Hadfield, Oak Park"
3044,Northern municipalities and their suburbs,City of Moreland,Mid,540000.0,580000.0,655000.0,720000.0,805000.0,891000.0,901000.0,855000.0,947500,1050000,1105000,897500,5,105,7.4,"Pascoe Vale, Pascoe Vale South, Coonans Hill"
3044,Northern municipalities and their suburbs,City of Moreland,Mid,627500.0,645500.0,701000.0,745000.0,840000.0,975000.0,955000.0,950000.0,1006000,1299500,1140000,1085000,-12,82,6.2,"Pascoe Vale, Pascoe Vale South, Coonans Hill"
3044,Northern municipalities and their suburbs,City of Moreland,Mid,613500.0,655000.0,732000.0,743000.0,870000.0,963000.0,927000.0,902500.0,1055000,1213000,1207500,1225000,0,97,7.0,"Pascoe Vale, Pascoe Vale South, Coonans Hill"
3099,Northern municipalities and their suburbs,Shire of Nillumbik,Outer,445000.0,482000.0,482000.0,547500.0,614500.0,714000.0,731000.0,700000.0,775000,900000,950000,902500,6,113,7.9,Hurstbridge
3096,Northern municipalities and their suburbs,Shire of Nillumbik,Outer,527000.0,475000.0,500500.0,569000.0,580000.0,620000.0,810000.0,778500.0,810000,924000,950000,,3,80,6.1,Wattle Glen
3754,Northern municipalities and their suburbs,Shire of Nillumbik,Outer,450000.0,415000.0,430000.0,440000.0,470500.0,550000.0,601000.0,598000.0,625000,705000,741500,700000,5,65,5.1,"Doreen, Doreen, Mernda"
3754,Northern municipalities and their suburbs,City of Whittlesea,Outer,450000.0,415000.0,430000.0,440000.0,470500.0,550000.0,601000.0,598000.0,625000,705000,741500,700000,5,65,5.1,"Doreen, Doreen, Mernda"
3754,Northern municipalities and their suburbs,City of Whittlesea,Outer,374500.0,375000.0,370000.0,410000.0,430000.0,525000.0,573500.0,552000.0,570000,670000,680000,642500,1,82,6.1,"Doreen, Doreen, Mernda"
3763,Northern municipalities and their suburbs,Shire of Nillumbik,Outer,310000.0,330000.0,318000.0,340000.0,346000.0,458000.0,480000.0,555000.0,600000,640000,770000,645000,20,148,9.5,Kinglake
3076,Northern municipalities and their suburbs,City of Whittlesea,Outer,365000.0,366500.0,386500.0,400000.0,455000.0,556500.0,600000.0,546000.0,577000,652500,677000,639000,4,85,6.4,Epping
3075,Northern municipalities and their suburbs,City of Whittlesea,Outer,360500.0,365000.0,385000.0,445000.0,499500.0,625500.0,625000.0,590000.0,623000,700000,700000,655000,0,94,6.9,Lalor
3082,Northern municipalities and their suburbs,City of Whittlesea,Outer,405000.0,408000.0,430500.0,480000.0,560000.0,668500.0,657000.0,653000.0,690000,755000,786000,755000,4,94,6.9,Mill Park
3752,Northern municipalities and their suburbs,City of Whittlesea,Outer,420000.0,415000.0,420000.0,450000.0,502000.0,610500.0,634500.0,625500.0,636000,728000,765000,710000,5,82,6.2,South Morang
3074,Northern municipalities and their suburbs,City of Whittlesea,Outer,365000.0,390000.0,420000.0,437000.0,493000.0,654000.0,636000.0,592000.0,620000,720000,710000,680000,-1,95,6.9,Thomastown
3756,Northern municipalities and their suburbs,City of Whittlesea,Outer,335000.0,341500.0,356000.0,362000.0,375000.0,425000.0,490000.0,480000.0,520000,580000,630000,600000,9,88,6.5,Wallan
3757,Northern municipalities and their suburbs,City of Whittlesea,Outer,365000.0,375000.0,375000.0,400000.0,448500.0,469500.0,577500.0,581000.0,610000,675000,740000,712500,10,103,7.3,Whittlesea
3750,Northern municipalities and their suburbs,City of Whittlesea,Outer,410000.0,400000.0,395000.0,432000.0,460000.0,520000.0,538000.0,570000.0,575000,630000,710000,661000,13,73,5.6,Wollert
3147,Eastern municipalities and their suburbs,City of Boroondara,Mid,870000.0,1000000.0,1200000.0,1435000.0,1567500.0,1812500.0,1712500.0,1641500.0,1600000,2000000,2005000,1715000,0,130,8.7,"Ashburton, Ashwood"
3147,Southeastern municipalities and their suburbs,City of Monash,Mid,681000.0,775000.0,888000.0,1140000.0,1230000.0,1359000.0,1210000.0,1100000.0,1250500,1450000,1585000,1310000,9,133,8.8,"Ashburton, Ashwood"
3103,Eastern municipalities and their suburbs,City of Boroondara,Mid,1295000.0,1530000.0,1780000.0,2210000.0,2180000.0,2340000.0,2420000.0,2377500.0,2260000,2750000,2850500,3100000,4,120,8.2,"Balwyn, Deepdene"
3103,Eastern municipalities and their suburbs,City of Boroondara,Mid,1875000.0,1981000.0,2215000.0,2750000.0,2600000.0,2862500.0,2692500.0,2858000.0,3150000,3250000,3001000,2232000,-8,60,4.8,"Balwyn, Deepdene"
3104,Eastern municipalities and their suburbs,City of Boroondara,Mid,997500.0,1240000.0,1452000.0,1850000.0,1800000.0,1950000.0,1810000.0,1720000.0,1900000,2252500,2230000,2220000,-1,124,8.4,Balwyn North
3124,Eastern municipalities and their suburbs,City of Boroondara,Mid,1300000.0,1382000.0,1655000.0,1912500.0,2090000.0,2300000.0,2155000.0,2070000.0,2072500,2567000,2650000,2250000,3,104,7.4,Camberwell
3146,Eastern municipalities and their suburbs,City of Boroondara,Mid,1200000.0,1310000.0,1500000.0,1800000.0,1935000.0,2025000.0,1927500.0,1967000.0,2130000,2492500,2500000,2235000,0,108,7.6,"Glen Iris, Glen Iris"
3146,Southeastern municipalities and their suburbs,City of Stonnington,Mid,1200000.0,1310000.0,1500000.0,1800000.0,1935000.0,2025000.0,1927500.0,1967000.0,2130000,2492500,2500000,2235000,0,108,7.6,"Glen Iris, Glen Iris"
3122,Eastern municipalities and their suburbs,City of Boroondara,Mid,1405000.0,1575000.0,1606500.0,1916500.0,2245000.0,2650000.0,2506500.0,2200000.0,2512500,2915000,2475000,2601000,-15,76,5.8,Hawthorn
3123,Eastern municipalities and their suburbs,City of Boroondara,Mid,1300000.0,1247500.0,1554000.0,1850000.0,1890000.0,2350000.0,2221500.0,2087500.0,2383000,2300000,2521500,2215000,10,94,6.8,Hawthorn East
3101,Eastern municipalities and their suburbs,City of Boroondara,Mid,1500000.0,1751000.0,1950000.0,2080000.0,2207500.0,2317500.0,2380000.0,2310000.0,2251500,2775000,2850000,2735000,3,90,6.6,Kew
3102,Eastern municipalities and their suburbs,City of Boroondara,Mid,1005000.0,1210000.0,1314000.0,1600000.0,1655000.0,1876000.0,1800000.0,1837000.0,1785000,1990000,2040000,4600000,3,103,7.3,"Kew East, Kew North"
3102,Eastern municipalities and their suburbs,City of Boroondara,Mid,995500.0,1260000.0,1301000.0,1665000.0,1827500.0,1880000.0,1767500.0,1833000.0,1840000,2086000,2255000,2607500,8,127,8.5,"Kew East, Kew North"
3127,Eastern municipalities and their suburbs,City of Boroondara,Mid,1177500.0,1316000.0,1490000.0,1863000.0,1921000.0,2100000.0,1990000.0,1690000.0,2170000,2372500,2320000,1702000,-2,97,7.0,"Mont Albert, Mont Albert North, Surrey Hills, Mont Albert, Surrey Hills"
3127,Eastern municipalities and their suburbs,City of Whitehorse,Mid,1177500.0,1316000.0,1490000.0,1863000.0,1921000.0,2100000.0,1990000.0,1690000.0,2170000,2372500,2320000,1702000,-2,97,7.0,"Mont Albert, Mont Albert North, Surrey Hills, Mont Albert, Surrey Hills"
3127,Eastern municipalities and their suburbs,City of Boroondara,Mid,780000.0,995000.0,1100000.0,1400000.0,1490000.0,1565000.0,1460000.0,1380000.0,1437000,1580000,1643000,1751500,4,111,7.7,"Mont Albert, Mont Albert North, Surrey Hills, Mont Albert, Surrey Hills"
3127,Eastern municipalities and their suburbs,City of Boroondara,Mid,1121500.0,1323000.0,1450000.0,1750000.0,1800500.0,2170000.0,1900000.0,1890000.0,1880000,2310000,2320000,2270000,0,107,7.5,"Mont Albert, Mont Albert North, Surrey Hills, Mont Albert, Surrey Hills"
3127,Eastern municipalities and their suburbs,City of Whitehorse,Mid,1121500.0,1323000.0,1450000.0,1750000.0,1800500.0,2170000.0,1900000.0,1890000.0,1880000,2310000,2320000,2270000,0,107,7.5,"Mont Albert, Mont Albert North, Surrey Hills, Mont Albert, Surrey Hills"
3129,Eastern municipalities and their suburbs,City of Whitehorse,Mid,780000.0,995000.0,1100000.0,1400000.0,1490000.0,1565000.0,1460000.0,1380000.0,1437000,1580000,1643000,1751500,4,111,7.7,"Box Hill North, Mont Albert North"
3129,Eastern municipalities and their suburbs,City of Whitehorse,Mid,648500.0,746000.0,856500.0,1060000.0,1146000.0,1321000.0,1188000.0,1200000.0,1191500,1321000,1325000,1100000,0,104,7.4,"Box Hill North, Mont Albert North"
3153,Eastern municipalities and their suburbs,City of Knox,Mid,426500.0,458500.0,525000.0,632500.0,693000.0,800500.0,753000.0,720000.0,745500,870000,902000,873500,4,112,7.8,"Bayswater, Bayswater North"
3153,Eastern municipalities and their suburbs,City of Maroondah,Mid,427500.0,468500.0,490000.0,580000.0,628000.0,737500.0,713000.0,695000.0,731000,855500,869500,831000,2,103,7.4,"Bayswater, Bayswater North"
3155,Eastern municipalities and their suburbs,City of Knox,Mid,430000.0,459500.0,500500.0,592500.0,648500.0,735000.0,742500.0,680000.0,715000,845000,832500,782500,-1,94,6.8,Boronia
3156,Eastern municipalities and their suburbs,City of Knox,Mid,429500.0,451000.0,505000.0,599000.0,660000.0,749000.0,732500.0,692000.0,750000,865000,873000,860000,1,103,7.4,"Ferntree Gully, Lysterfield, Upper Ferntree Gully, Upper Ferntree Gully, Lysterfield, Lysterfield South"
3156,Eastern municipalities and their suburbs,City of Knox,Mid,643500.0,681500.0,670000.0,780000.0,857500.0,995500.0,976500.0,956500.0,994500,1132000,1260000,810000,11,96,6.9,"Ferntree Gully, Lysterfield, Upper Ferntree Gully, Upper Ferntree Gully, Lysterfield, Lysterfield South"
3156,Eastern municipalities and their suburbs,City of Knox,Mid,643500.0,681500.0,670000.0,780000.0,857500.0,995500.0,976500.0,956500.0,994500,1132000,1260000,810000,11,96,6.9,"Ferntree Gully, Lysterfield, Upper Ferntree Gully, Upper Ferntree Gully, Lysterfield, Lysterfield South"
3156,Eastern municipalities and their suburbs,City of Knox,Mid,410000.0,435000.0,500000.0,515000.0,582000.0,685000.0,700000.0,642500.0,735000,865000,885000,723000,2,116,8.0,"Ferntree Gully, Lysterfield, Upper Ferntree Gully, Upper Ferntree Gully, Lysterfield, Lysterfield South"
3156,Eastern municipalities and their suburbs,City of Knox,Mid,410000.0,435000.0,500000.0,515000.0,582000.0,685000.0,700000.0,642500.0,735000,865000,885000,723000,2,116,8.0,"Ferntree Gully, Lysterfield, Upper Ferntree Gully, Upper Ferntree Gully, Lysterfield, Lysterfield South"
3156,Southeastern municipalities and their suburbs,City of Knox,Mid,830000.0,931500.0,1000000.0,1018500.0,1240000.0,1300000.0,1275000.0,775000.0,1410000,1618000,1844000,,14,122,8.3,"Ferntree Gully, Lysterfield, Upper Ferntree Gully, Upper Ferntree Gully, Lysterfield, Lysterfield South"
3180,Eastern municipalities and their suburbs,City of Knox,Mid,465000.0,500000.0,580000.0,681000.0,741000.0,870000.0,815000.0,760000.0,810000,980000,970000,808000,-1,109,7.6,Knoxfield
3178,Eastern municipalities and their suburbs,City of Knox,Mid,530000.0,570000.0,617500.0,710000.0,778000.0,867000.0,838000.0,815500.0,838000,1000500,1080000,1050000,8,104,7.4,Rowville
3154,Eastern municipalities and their suburbs,City of Knox,Mid,410000.0,430000.0,463500.0,550000.0,595000.0,610000.0,682500.0,695000.0,739000,875000,853000,857000,-3,108,7.6,The Basin
3152,Eastern municipalities and their suburbs,City of Knox,Mid,515000.0,576000.0,667500.0,764000.0,801000.0,953000.0,906500.0,850000.0,907000,1065000,1102500,1053000,4,114,7.9,"Wantirna, Wantirna South, Studfield"
3152,Eastern municipalities and their suburbs,City of Knox,Mid,542500.0,579000.0,676500.0,829000.0,875000.0,1005000.0,1000000.0,988500.0,1015000,1223500,1225000,1210000,0,126,8.5,"Wantirna, Wantirna South, Studfield"
3152,Eastern municipalities and their suburbs,City of Knox,Mid,480500.0,532500.0,617500.0,785000.0,853000.0,957500.0,906000.0,811000.0,836000,1027500,955000,1280000,-7,99,7.1,"Wantirna, Wantirna South, Studfield"
3105,Eastern municipalities and their suburbs,City of Manningham,Mid,707000.0,780000.0,861000.0,1095000.0,1170000.0,1300000.0,1230000.0,1105000.0,1177000,1360000,1395000,1302000,3,97,7.0,Bulleen
3108,Eastern municipalities and their suburbs,City of Manningham,Mid,720000.0,850000.0,999000.0,1176000.0,1297500.0,1366500.0,1320000.0,1270000.0,1280000,1500000,1500000,1320000,0,108,7.6,Doncaster
3109,Eastern municipalities and their suburbs,City of Manningham,Mid,682000.0,789000.0,894500.0,1113500.0,1230000.0,1360000.0,1222000.0,1198000.0,1255000,1500000,1535000,1500000,2,125,8.5,Doncaster East
3111,Eastern municipalities and their suburbs,City of Manningham,Mid,681000.0,735000.0,840000.0,964000.0,970000.0,1201000.0,1182500.0,1140000.0,1195000,1337500,1440000,1250000,8,111,7.8,Donvale
3106,Eastern municipalities and their suburbs,City of Manningham,Mid,811000.0,865000.0,951500.0,1180000.0,1260000.0,1415000.0,1308000.0,1292500.0,1381500,1603000,1621500,1450000,1,100,7.2,Templestowe
3107,Eastern municipalities and their suburbs,City of Manningham,Mid,670000.0,750000.0,830000.0,1060000.0,1105500.0,1302000.0,1150000.0,1080000.0,1189000,1430000,1390000,1580000,-3,107,7.6,"Templestowe Lower, Macedon"
3107,Eastern municipalities and their suburbs,City of Manningham,Mid,525000.0,490000.0,460000.0,532500.0,585000.0,696000.0,815000.0,800000.0,883000,1130000,1073000,1105000,-5,104,7.4,"Templestowe Lower, Macedon"
3113,Eastern municipalities and their suburbs,City of Manningham,Mid,620000.0,640000.0,760000.0,829000.0,890000.0,1042500.0,1110000.0,994000.0,996000,1285000,1300000,1380000,1,110,7.7,Warrandyte
3131,Eastern municipalities and their suburbs,City of Manningham,Mid,591500.0,637500.0,721500.0,880000.0,970000.0,1090000.0,986000.0,951000.0,1038500,1250000,1150000,1100000,-8,94,6.9,"Nunawading, Forest Hill, Nunawading"
3131,Eastern municipalities and their suburbs,City of Whitehorse,Mid,591500.0,637500.0,721500.0,880000.0,970000.0,1090000.0,986000.0,951000.0,1038500,1250000,1150000,1100000,-8,94,6.9,"Nunawading, Forest Hill, Nunawading"
3131,Eastern municipalities and their suburbs,City of Whitehorse,Mid,565000.0,650500.0,721000.0,892000.0,933500.0,1060000.0,935000.0,900000.0,986000,1207500,1155500,1100000,-4,105,7.4,"Nunawading, Forest Hill, Nunawading"
3134,Eastern municipalities and their suburbs,City of Manningham,Mid,564000.0,630500.0,662000.0,783500.0,844000.0,960500.0,920000.0,870000.0,957500,1183000,1200000,980000,1,113,7.8,"Ringwood North, Ringwood, Ringwood North, Warranwood"
3134,Eastern municipalities and their suburbs,City of Maroondah,Mid,564000.0,630500.0,662000.0,783500.0,844000.0,960500.0,920000.0,870000.0,957500,1183000,1200000,980000,1,113,7.8,"Ringwood North, Ringwood, Ringwood North, Warranwood"
3134,Eastern municipalities and their suburbs,City of Maroondah,Mid,503500.0,552000.0,660000.0,777500.0,837500.0,910500.0,896500.0,801000.0,900000,1018000,1036500,1047500,2,106,7.5,"Ringwood North, Ringwood, Ringwood North, Warranwood"
3134,Eastern municipalities and their suburbs,City of Maroondah,Mid,654000.0,603000.0,665000.0,790000.0,865000.0,943500.0,1010000.0,935000.0,957000,1145000,1345000,1152500,17,106,7.5,"Ringwood North, Ringwood, Ringwood North, Warranwood"
3136,Eastern municipalities and their suburbs,City of Maroondah,Mid,450000.0,470000.0,525000.0,605000.0,695000.0,810000.0,792500.0,735000.0,785000,920000,900000,845500,-2,100,7.2,"Croydon, Croydon Hills, Croydon North, Croydon South"
3136,Eastern municipalities and their suburbs,City of Maroondah,Mid,538000.0,571500.0,606000.0,697000.0,730000.0,875000.0,877500.0,835000.0,920000,1100000,1104000,1054500,0,105,7.5,"Croydon, Croydon Hills, Croydon North, Croydon South"
3136,Eastern municipalities and their suburbs,City of Maroondah,Mid,520000.0,540500.0,600000.0,702500.0,790500.0,872000.0,840000.0,827500.0,860500,1050000,1069000,1182500,2,106,7.5,"Croydon, Croydon Hills, Croydon North, Croydon South"
3136,Eastern municipalities and their suburbs,City of Maroondah,Mid,436500.0,442000.0,530000.0,600000.0,655000.0,800000.0,757500.0,715500.0,740000,890000,864000,880000,-3,98,7.1,"Croydon, Croydon Hills, Croydon North, Croydon South"
3135,Eastern municipalities and their suburbs,City of Maroondah,Mid,525000.0,589000.0,638000.0,760000.0,789000.0,925000.0,932000.0,873000.0,930000,1094000,1077000,1028000,-2,105,7.4,"Heathmont, Eastwood, Ringwood East"
3135,Eastern municipalities and their suburbs,City of Maroondah,Mid,332000.0,335000.0,342000.0,335000.0,357500.0,380000.0,385000.0,410000.0,417000,535000,590000,670000,10,78,5.9,"Heathmont, Eastwood, Ringwood East"
3135,Eastern municipalities and their suburbs,City of Maroondah,Mid,490000.0,547000.0,612000.0,750000.0,806000.0,901000.0,881000.0,809000.0,866000,1050000,975000,1025000,-7,99,7.1,"Heathmont, Eastwood, Ringwood East"
3137,Eastern municipalities and their suburbs,City of Maroondah,Mid,501000.0,542500.0,575000.0,676000.0,738000.0,845000.0,826000.0,780500.0,870000,977500,1080000,865000,10,116,8.0,"Kilsyth South, Kilsyth"
3137,Eastern municipalities and their suburbs,Shire of Yarra Ranges,Outer,415000.0,435000.0,460000.0,548500.0,620000.0,698500.0,685500.0,645000.0,677500,781500,840000,760000,8,102,7.3,"Kilsyth South, Kilsyth"
3130,Eastern municipalities and their suburbs,City of Whitehorse,Mid,750000.0,860500.0,936000.0,1200500.0,1241000.0,1410000.0,1370500.0,1305000.0,1405000,1640500,1551000,1481000,-5,107,7.5,"Blackburn, Blackburn North, Blackburn South"
3130,Eastern municipalities and their suburbs,City of Whitehorse,Mid,609000.0,692000.0,790000.0,921500.0,1040000.0,1140500.0,1038000.0,1017500.0,1090000,1300000,1230000,1340000,-5,102,7.3,"Blackburn, Blackburn North, Blackburn South"
3130,Eastern municipalities and their suburbs,City of Whitehorse,Mid,632000.0,697500.0,780000.0,920500.0,1050000.0,1200000.0,1063500.0,1034000.0,1100500,1338500,1295000,1285000,-3,105,7.4,"Blackburn, Blackburn North, Blackburn South"
3128,Eastern municipalities and their suburbs,City of Whitehorse,Mid,852000.0,855000.0,1067000.0,1350000.0,1360500.0,1752500.0,1700500.0,1545000.0,1512500,1630500,1713500,1455500,5,101,7.2,"Box Hill, Box Hill South"
3128,Eastern municipalities and their suburbs,City of Whitehorse,Mid,715000.0,785000.0,910000.0,1153000.0,1255000.0,1409000.0,1285500.0,1177500.0,1252500,1559000,1439000,1280000,-8,101,7.2,"Box Hill, Box Hill South"
3125,Eastern municipalities and their suburbs,City of Whitehorse,Mid,765000.0,780000.0,921000.0,1190000.0,1219000.0,1357000.0,1320000.0,1170000.0,1275000,1430500,1381000,1370000,-3,81,6.1,"Burwood, Burwood"
3125,Southeastern municipalities and their suburbs,City of Monash,Mid,765000.0,780000.0,921000.0,1190000.0,1219000.0,1357000.0,1320000.0,1170000.0,1275000,1430500,1381000,1370000,-3,81,6.1,"Burwood, Burwood"
3151,Eastern municipalities and their suburbs,City of Whitehorse,Mid,617000.0,685500.0,782000.0,982500.0,1021000.0,1126500.0,1005000.0,1106000.0,1101000,1252000,1257500,1183000,0,104,7.4,Burwood East
3132,Eastern municipalities and their suburbs,City of Whitehorse,Mid,584500.0,650000.0,730000.0,885500.0,941000.0,1070000.0,998000.0,942000.0,1066500,1212500,1200000,1155000,-1,105,7.5,Mitcham
3133,Eastern municipalities and their suburbs,City of Whitehorse,Mid,571000.0,610000.0,725000.0,855000.0,900000.0,1065000.0,980000.0,935500.0,1000000,1226500,1200000,1200000,-2,110,7.7,"Vermont, Vermont South"
3133,Eastern municipalities and their suburbs,City of Whitehorse,Mid,654500.0,722500.0,815000.0,1000000.0,1082500.0,1200500.0,1150000.0,1165000.0,1200000,1420000,1419000,1525000,0,117,8.0,"Vermont, Vermont South"
3160,Eastern municipalities and their suburbs,Shire of Yarra Ranges,Outer,390000.0,410000.0,426000.0,482500.0,545000.0,620000.0,676000.0,636000.0,680000,784000,850000,770000,8,118,8.1,"Belgrave, Belgrave Heights, Belgrave South, Tecoma"
3160,Eastern municipalities and their suburbs,Shire of Yarra Ranges,Outer,399000.0,430000.0,480000.0,590500.0,624000.0,687500.0,701500.0,685000.0,737500,902500,1055500,,17,165,10.2,"Belgrave, Belgrave Heights, Belgrave South, Tecoma"
3160,Eastern municipalities and their suburbs,Shire of Yarra Ranges,Outer,447500.0,548000.0,541000.0,555500.0,565000.0,689000.0,782500.0,665500.0,845000,1085000,919000,1300000,-15,105,7.5,"Belgrave, Belgrave Heights, Belgrave South, Tecoma"
3160,Eastern municipalities and their suburbs,Shire of Yarra Ranges,Outer,412000.0,415000.0,478000.0,510000.0,601500.0,709000.0,700000.0,662500.0,742500,920000,837500,737500,-9,103,7.4,"Belgrave, Belgrave Heights, Belgrave South, Tecoma"
3116,Eastern municipalities and their suburbs,Shire of Yarra Ranges,Outer,435500.0,450000.0,490500.0,542500.0,627000.0,735000.0,700000.0,680500.0,750000,900000,920000,852500,2,111,7.8,Chirnside Park
3140,Eastern municipalities and their suburbs,Shire of Yarra Ranges,Outer,420000.0,469000.0,482500.0,534000.0,633500.0,710500.0,705000.0,675500.0,716000,850000,877500,775000,3,109,7.6,Lilydale
3765,Eastern municipalities and their suburbs,Shire of Yarra Ranges,Outer,426000.0,445000.0,476500.0,559000.0,625000.0,700500.0,737500.0,707500.0,730000,842500,913500,767500,8,114,7.9,Montrose
3138,Eastern municipalities and their suburbs,Shire of Yarra Ranges,Outer,425000.0,440000.0,465000.0,558500.0,620000.0,725000.0,720000.0,670000.0,720000,836000,870000,770500,4,105,7.4,Mooroolbark
3796,Eastern municipalities and their suburbs,Shire of Yarra Ranges,Outer,393000.0,406000.0,428500.0,493500.0,551000.0,640000.0,671500.0,636000.0,710000,820000,875000,795000,7,123,8.3,Mount Evelyn
3158,Eastern municipalities and their suburbs,Shire of Yarra Ranges,Outer,422500.0,425000.0,476000.0,515000.0,585000.0,680000.0,710000.0,702500.0,760500,899000,890000,810000,-1,111,7.7,Upwey
3777,Eastern municipalities and their suburbs,Shire of Yarra Ranges,Outer,295000.0,315000.0,325000.0,345000.0,379000.0,465000.0,500000.0,498000.0,550000,665000,715000,610000,8,142,9.3,"Badger Creek, Healesville, Healesville"
3777,Eastern municipalities and their suburbs,Shire of Yarra Ranges,Outer,380000.0,385500.0,400000.0,447500.0,457000.0,550000.0,601000.0,580000.0,602500,750000,810000,745000,8,113,7.9,"Badger Creek, Healesville, Healesville"
3777,Eastern municipalities and their suburbs,Shire of Yarra Ranges,Outer,380000.0,385500.0,400000.0,447500.0,457000.0,550000.0,601000.0,580000.0,602500,750000,810000,745000,8,113,7.9,"Badger Creek, Healesville, Healesville"
3793,Eastern municipalities and their suburbs,Shire of Yarra Ranges,Outer,380000.0,395000.0,425000.0,471500.0,521500.0,608000.0,650000.0,630000.0,650000,790000,799000,815000,1,110,7.7,Monbulk
3767,Eastern municipalities and their suburbs,Shire of Yarra Ranges,Outer,476500.0,450000.0,610000.0,612500.0,641000.0,847000.0,647500.0,690000.0,791000,850000,1075000,750000,26,126,8.5,Mount Dandenong
3193,Southeastern municipalities and their suburbs,City of Bayside,Mid,997000.0,1074000.0,1129500.0,1345000.0,1455000.0,1611000.0,1674000.0,1587500.0,1725000,2100000,2070000,1865000,-1,108,7.6,"Beaumaris, Black Rock"
3193,Southeastern municipalities and their suburbs,City of Bayside,Mid,1175000.0,1225000.0,1400000.0,1545000.0,1745000.0,2017500.0,2029000.0,1793000.0,1920000,2605000,2557500,2237500,-2,118,8.1,"Beaumaris, Black Rock"
3186,Southeastern municipalities and their suburbs,City of Bayside,Mid,1789500.0,1802500.0,1940000.0,2302500.0,2740000.0,3050000.0,2888000.0,2675000.0,3148500,3522500,3450000,3195000,-2,93,6.8,Brighton
3187,Southeastern municipalities and their suburbs,City of Bayside,Mid,1075000.0,1230000.0,1300000.0,1600000.0,1750000.0,1900000.0,1880000.0,1700000.0,1950000,2257500,2312500,2425000,2,115,8.0,Brighton East
3192,Southeastern municipalities and their suburbs,City of Bayside,Mid,635500.0,695000.0,775000.0,867000.0,940500.0,1171000.0,1105000.0,1035000.0,1130000,1306000,1359500,1372500,4,114,7.9,"Cheltenham, Cheltenham, Cheltenham East, Cheltenham North"
3192,Southeastern municipalities and their suburbs,City of Kingston,Mid,635500.0,695000.0,775000.0,867000.0,940500.0,1171000.0,1105000.0,1035000.0,1130000,1306000,1359500,1372500,4,114,7.9,"Cheltenham, Cheltenham, Cheltenham East, Cheltenham North"
3192,Southeastern municipalities and their suburbs,City of Kingston,Mid,545000.0,600000.0,670000.0,770000.0,867500.0,982500.0,940000.0,940000.0,1010500,1190000,1157500,1173000,-3,112,7.8,"Cheltenham, Cheltenham, Cheltenham East, Cheltenham North"
3192,Southeastern municipalities and their suburbs,City of Kingston,Mid,570000.0,584000.0,662000.0,745000.0,900000.0,1025000.0,925000.0,913000.0,922500,1057500,1050000,1488000,-1,84,6.3,"Cheltenham, Cheltenham, Cheltenham East, Cheltenham North"
3188,Southeastern municipalities and their suburbs,City of Bayside,Mid,1200000.0,1270000.0,1340000.0,1650000.0,1800000.0,2020000.0,1905000.0,1900000.0,2000000,2425000,2332000,2142500,-4,94,6.9,"Hampton, Hampton East"
3188,Southeastern municipalities and their suburbs,City of Bayside,Mid,732500.0,770000.0,862500.0,1020000.0,1200000.0,1340000.0,1230000.0,1211500.0,1290500,1512500,1617500,1270000,7,121,8.2,"Hampton, Hampton East"
3190,Southeastern municipalities and their suburbs,City of Bayside,Mid,682500.0,750000.0,850000.0,992500.0,1175000.0,1318500.0,1275000.0,1234000.0,1325000,1585500,1465000,1535000,-8,115,7.9,"Highett, Highett"
3190,Southeastern municipalities and their suburbs,City of Kingston,Mid,682500.0,750000.0,850000.0,992500.0,1175000.0,1318500.0,1275000.0,1234000.0,1325000,1585500,1465000,1535000,-8,115,7.9,"Highett, Highett"
3191,Southeastern municipalities and their suburbs,City of Bayside,Mid,1175000.0,1210000.0,1305000.0,1490000.0,1760000.0,1862500.0,1850000.0,1665000.0,1850000,2395000,2384000,2090500,0,103,7.3,Sandringham
3189,Southeastern municipalities and their suburbs,City of Bayside,Mid,631000.0,682000.0,768000.0,855000.0,980000.0,1160000.0,1130000.0,1065000.0,1072500,1400000,1377500,1312500,-2,118,8.1,"Moorabbin, Moorabbin"
3189,Southeastern municipalities and their suburbs,City of Kingston,Mid,631000.0,682000.0,768000.0,855000.0,980000.0,1160000.0,1130000.0,1065000.0,1072500,1400000,1377500,1312500,-2,118,8.1,"Moorabbin, Moorabbin"
3807,Southeastern municipalities and their suburbs,Shire of Cardinia,Outer,511500.0,486500.0,525000.0,559000.0,585000.0,694500.0,730000.0,685000.0,711000,892000,940000,830000,5,84,6.3,Beaconsfield
3810,Southeastern municipalities and their suburbs,Shire of Cardinia,Outer,335000.0,335000.0,350000.0,367000.0,400000.0,470000.0,520000.0,485000.0,525000,600000,652000,638000,9,95,6.9,Pakenham
3815,Southeastern municipalities and their suburbs,Shire of Cardinia,Outer,342500.0,332500.0,325000.0,420000.0,357500.0,437500.0,550000.0,500500.0,541500,652500,750000,900000,15,119,8.2,Bunyip
3981,Southeastern municipalities and their suburbs,Shire of Cardinia,Outer,320000.0,315000.0,335000.0,345000.0,400000.0,450500.0,508500.0,550000.0,540000,610000,700000,640000,15,119,8.1,Koo Wee Rup
3806,Southeastern municipalities and their suburbs,City of Casey,Outer,451000.0,453000.0,487500.0,535000.0,583000.0,670000.0,690500.0,671000.0,700000,820000,885000,850000,8,96,7.0,Berwick
3977,Southeastern municipalities and their suburbs,City of Casey,Outer,500000.0,492000.0,519000.0,565000.0,600000.0,690000.0,730000.0,700000.0,726000,847000,930000,860000,10,86,6.4,"Botanic Ridge, Cranbourne, Cranbourne East, Cranbourne North, Cranbourne West, Cranbourne South, Junction Village, Fiveways, Sandhurst, Skye"
3977,Southeastern municipalities and their suburbs,City of Casey,Outer,313000.0,315000.0,331500.0,360000.0,406000.0,510000.0,540000.0,500000.0,510000,616500,660000,633000,7,111,7.8,"Botanic Ridge, Cranbourne, Cranbourne East, Cranbourne North, Cranbourne West, Cranbourne South, Junction Village, Fiveways, Sandhurst, Skye"
3977,Southeastern municipalities and their suburbs,City of Casey,Outer,370000.0,390000.0,410000.0,437000.0,460000.0,535000.0,574500.0,567000.0,590000,666000,720000,687000,8,95,6.9,"Botanic Ridge, Cranbourne, Cranbourne East, Cranbourne North, Cranbourne West, Cranbourne South, Junction Village, Fiveways, Sandhurst, Skye"
3977,Southeastern municipalities and their suburbs,City of Casey,Outer,370000.0,370000.0,375000.0,410000.0,455000.0,541000.0,600000.0,570000.0,587500,653500,720000,705000,10,95,6.9,"Botanic Ridge, Cranbourne, Cranbourne East, Cranbourne North, Cranbourne West, Cranbourne South, Junction Village, Fiveways, Sandhurst, Skye"
3977,Southeastern municipalities and their suburbs,City of Casey,Outer,320000.0,330000.0,335000.0,350000.0,410000.0,510500.0,540000.0,508000.0,526000,621500,680000,635000,9,113,7.8,"Botanic Ridge, Cranbourne, Cranbourne East, Cranbourne North, Cranbourne West, Cranbourne South, Junction Village, Fiveways, Sandhurst, Skye"
3977,Southeastern municipalities and their suburbs,City of Casey,Outer,,,455000.0,685000.0,685000.0,600000.0,425000.0,632500.0,634000,710000,820000,722500,15,,,"Botanic Ridge, Cranbourne, Cranbourne East, Cranbourne North, Cranbourne West, Cranbourne South, Junction Village, Fiveways, Sandhurst, Skye"
3977,Southeastern municipalities and their suburbs,City of Casey,Outer,300000.0,312000.0,320000.0,370000.0,389000.0,436000.0,509000.0,483500.0,515000,605000,635000,630000,5,112,7.8,"Botanic Ridge, Cranbourne, Cranbourne East, Cranbourne North, Cranbourne West, Cranbourne South, Junction Village, Fiveways, Sandhurst, Skye"
3977,Southeastern municipalities and their suburbs,City of Casey,Outer,343500.0,355000.0,315000.0,380000.0,417500.0,525000.0,542500.0,485000.0,530000,751500,825000,390000,10,140,9.2,"Botanic Ridge, Cranbourne, Cranbourne East, Cranbourne North, Cranbourne West, Cranbourne South, Junction Village, Fiveways, Sandhurst, Skye"
3977,Southeastern municipalities and their suburbs,City of Frankston,Outer,511500.0,545000.0,549000.0,617500.0,678500.0,730000.0,837500.0,812500.0,780000,950000,1009000,929000,6,97,7.0,"Botanic Ridge, Cranbourne, Cranbourne East, Cranbourne North, Cranbourne West, Cranbourne South, Junction Village, Fiveways, Sandhurst, Skye"
3977,Southeastern municipalities and their suburbs,City of Frankston,Outer,390000.0,395000.0,413000.0,430000.0,479000.0,570000.0,611000.0,597500.0,610000,742500,770000,730500,4,97,7.0,"Botanic Ridge, Cranbourne, Cranbourne East, Cranbourne North, Cranbourne West, Cranbourne South, Junction Village, Fiveways, Sandhurst, Skye"
3978,Southeastern municipalities and their suburbs,City of Casey,Outer,272500.0,397000.0,406000.0,397000.0,435000.0,430000.0,505000.0,542500.0,575000,636000,698000,690000,10,156,9.9,"Clyde, Clyde North"
3978,Southeastern municipalities and their suburbs,City of Casey,Outer,395000.0,409000.0,380000.0,410000.0,491000.0,550000.0,595000.0,570000.0,605000,670000,740000,700500,10,87,6.5,"Clyde, Clyde North"
3177,Southeastern municipalities and their suburbs,City of Casey,Outer,290000.0,302000.0,310500.0,348000.0,405000.0,490000.0,543500.0,472000.0,500000,582500,625000,545000,7,116,8.0,"Doveton, Eumemmerring"
3177,Southeastern municipalities and their suburbs,City of Casey,Outer,327500.0,353000.0,365000.0,408500.0,450500.0,517500.0,622000.0,540000.0,550000,628000,750500,580000,19,129,8.6,"Doveton, Eumemmerring"
3802,Southeastern municipalities and their suburbs,City of Casey,Outer,390000.0,400000.0,432000.0,496500.0,550000.0,630500.0,651000.0,620000.0,672000,750000,815000,710000,9,109,7.6,Endeavour Hills
3803,Southeastern municipalities and their suburbs,City of Casey,Outer,360000.0,362500.0,380000.0,424000.0,455000.0,580000.0,630000.0,550000.0,600000,700000,720000,660000,3,100,7.2,Hallam
3976,Southeastern municipalities and their suburbs,City of Casey,Outer,320000.0,330000.0,337500.0,370000.0,410000.0,505000.0,550000.0,502000.0,538000,620000,665000,645000,7,108,7.6,Hampton Park
3975,Southeastern municipalities and their suburbs,City of Casey,Outer,415000.0,430000.0,460000.0,500000.0,542500.0,595000.0,640000.0,623000.0,660000,750000,810000,814500,8,95,6.9,"Lynbrook, Lyndhurst"
3975,Southeastern municipalities and their suburbs,City of Greater Dandenong,Outer,450000.0,465000.0,482500.0,550000.0,585000.0,625000.0,695000.0,665500.0,701500,815500,952500,841500,17,112,7.8,"Lynbrook, Lyndhurst"
3805,Southeastern municipalities and their suburbs,City of Casey,Outer,356000.0,370000.0,386000.0,430000.0,487000.0,590000.0,614000.0,588000.0,610000,700000,747500,708000,7,110,7.7,"Narre Warren, Narre Warren South"
3805,Southeastern municipalities and their suburbs,City of Casey,Outer,405000.0,410000.0,440000.0,476000.0,530000.0,620000.0,636500.0,625000.0,660000,750000,800000,790000,7,98,7.0,"Narre Warren, Narre Warren South"
3804,Southeastern municipalities and their suburbs,City of Casey,Outer,660000.0,682500.0,822500.0,771500.0,900000.0,1108000.0,1180000.0,1075000.0,1167500,1421500,1600000,1677500,13,142,9.3,Narre Warren North
3912,Southeastern municipalities and their suburbs,City of Casey,Outer,425000.0,385000.0,445000.0,470000.0,534000.0,607000.0,660000.0,660000.0,660000,790500,815000,695000,3,92,6.7,"Pearcedale, Somerville, Pearcedale"
3912,Southeastern municipalities and their suburbs,Shire of Mornington Peninsula,Outer,425000.0,385000.0,445000.0,470000.0,534000.0,607000.0,660000.0,660000.0,660000,790500,815000,695000,3,92,6.7,"Pearcedale, Somerville, Pearcedale"
3912,Southeastern municipalities and their suburbs,Shire of Mornington Peninsula,Outer,360000.0,385000.0,395000.0,425000.0,465000.0,580000.0,615000.0,600000.0,640000,780000,811000,750000,4,125,8.5,"Pearcedale, Somerville, Pearcedale"
3175,Southeastern municipalities and their suburbs,City of Greater Dandenong,Outer,400000.0,405000.0,439000.0,485000.0,555500.0,620000.0,640000.0,601000.0,630000,700000,740000,670000,6,85,6.3,"Dandenong, Dandenong North"
3175,Southeastern municipalities and their suburbs,City of Greater Dandenong,Outer,370000.0,390000.0,415500.0,481000.0,551000.0,633500.0,640000.0,606500.0,640000,729000,740000,705000,2,100,7.2,"Dandenong, Dandenong North"
3173,Southeastern municipalities and their suburbs,City of Greater Dandenong,Outer,425000.0,435000.0,456500.0,559500.0,650000.0,730000.0,745000.0,735000.0,756000,887500,911500,901000,3,114,7.9,Keysborough
3174,Southeastern municipalities and their suburbs,City of Greater Dandenong,Outer,382000.0,400000.0,440000.0,510000.0,600000.0,680000.0,680000.0,625500.0,675000,752000,755000,709000,0,98,7.1,"Noble Park, Noble Park North"
3174,Southeastern municipalities and their suburbs,City of Greater Dandenong,Outer,370000.0,383000.0,420000.0,491500.0,563000.0,640000.0,660000.0,610000.0,655500,750000,795000,730000,6,115,7.9,"Noble Park, Noble Park North"
3171,Southeastern municipalities and their suburbs,City of Greater Dandenong,Outer,448000.0,451500.0,530000.0,629500.0,685000.0,750000.0,780000.0,746500.0,785000,854000,885000,832000,4,98,7.0,Springvale
3172,Southeastern municipalities and their suburbs,City of Greater Dandenong,Outer,408000.0,430000.0,475000.0,562000.0,630000.0,720000.0,720000.0,679000.0,725000,800000,817500,771000,2,100,7.2,"Springvale South, Dingley Village"
3172,Southeastern municipalities and their suburbs,City of Kingston,Mid,515000.0,553500.0,607000.0,690000.0,775500.0,887000.0,840500.0,810000.0,934000,1050000,1112000,931000,6,116,8.0,"Springvale South, Dingley Village"
3201,Southeastern municipalities and their suburbs,City of Frankston,Outer,334000.0,330000.0,346000.0,370000.0,430000.0,525000.0,575000.0,537000.0,575000,668000,715000,680000,7,114,7.9,Carrum Downs
3199,Southeastern municipalities and their suburbs,City of Frankston,Outer,340000.0,350000.0,372000.0,426000.0,474000.0,600000.0,605000.0,581000.0,621500,750000,764500,698000,2,125,8.4,"Frankston, Frankston South"
3199,Southeastern municipalities and their suburbs,City of Frankston,Outer,510000.0,535000.0,560000.0,620000.0,690000.0,815500.0,855000.0,817500.0,860000,1150000,1185000,1080000,3,132,8.8,"Frankston, Frankston South"
3200,Southeastern municipalities and their suburbs,City of Frankston,Outer,245000.0,255000.0,269000.0,297000.0,352000.0,470000.0,502000.0,423000.0,450000,580000,610000,555000,5,149,9.6,Frankston North
3910,Southeastern municipalities and their suburbs,City of Frankston,Outer,375000.0,385000.0,420000.0,450000.0,503000.0,600000.0,642500.0,610000.0,660000,810000,860000,816000,6,129,8.7,Langwarrin
3198,Southeastern municipalities and their suburbs,City of Frankston,Outer,392500.0,419500.0,450000.0,475000.0,580500.0,700000.0,695000.0,655000.0,700000,850000,880000,796500,4,124,8.4,Seaford
3204,Southeastern municipalities and their suburbs,City of Glen Eira,Mid,820000.0,900000.0,1050000.0,1245000.0,1380000.0,1470000.0,1394000.0,1376000.0,1510000,1748500,1726500,1885000,-1,111,7.7,"Bentleigh, McKinnon, Ormond"
3204,Southeastern municipalities and their suburbs,City of Glen Eira,Mid,944000.0,1025000.0,1220000.0,1500000.0,1657500.0,1720000.0,1555000.0,1520500.0,1675000,1995000,1975000,1130000,-1,109,7.7,"Bentleigh, McKinnon, Ormond"
3204,Southeastern municipalities and their suburbs,City of Glen Eira,Mid,857500.0,997500.0,1187500.0,1300000.0,1550000.0,1604500.0,1600000.0,1475000.0,1590000,1900000,1875000,1636000,-1,119,8.1,"Bentleigh, McKinnon, Ormond"
3165,Southeastern municipalities and their suburbs,City of Glen Eira,Mid,680000.0,750000.0,850000.0,1000500.0,1115000.0,1256000.0,1205000.0,1200000.0,1255000,1480000,1500000,1305000,1,121,8.2,Bentleigh East
3162,Southeastern municipalities and their suburbs,City of Glen Eira,Mid,1085000.0,1172500.0,1322000.0,1650000.0,1715000.0,1885000.0,1701000.0,1762500.0,1818500,2060000,2079000,,1,92,6.7,"Caulfield, Caulfield South"
3162,Southeastern municipalities and their suburbs,City of Glen Eira,Mid,890000.0,1050000.0,1200000.0,1375000.0,1517500.0,1690000.0,1600000.0,1494500.0,1747500,1950000,1845000,1800000,-5,107,7.6,"Caulfield, Caulfield South"
3161,Southeastern municipalities and their suburbs,City of Glen Eira,Mid,1330000.0,1415000.0,1480000.0,1875000.0,2181000.0,2285000.0,1960000.0,2112000.0,2350000,2695000,2645000,1975000,-2,99,7.1,Caulfield North
3163,Southeastern municipalities and their suburbs,City of Glen Eira,Mid,845000.0,865000.0,1007500.0,1300000.0,1348500.0,1510000.0,1445000.0,1313500.0,1420000,1776000,1683500,1480000,-5,99,7.1,"Carnegie, Glen Huntly, Murrumbeena"
3163,Southeastern municipalities and their suburbs,City of Glen Eira,Mid,792500.0,977500.0,1135000.0,1350000.0,1330000.0,1415000.0,1253000.0,1440000.0,1342500,2002500,1570000,1513000,-22,98,7.1,"Carnegie, Glen Huntly, Murrumbeena"
3163,Southeastern municipalities and their suburbs,City of Glen Eira,Mid,785000.0,870000.0,982500.0,1204000.0,1286000.0,1420000.0,1343500.0,1241500.0,1405000,1695000,1680000,1840000,-1,114,7.9,"Carnegie, Glen Huntly, Murrumbeena"
3195,Southeastern municipalities and their suburbs,City of Kingston,Mid,610000.0,620000.0,690000.0,795500.0,891000.0,1125000.0,980000.0,994000.0,1120000,1321500,1420000,1257500,7,133,8.8,"Aspendale, Aspendale Gardens, Mordialloc, Parkdale, Waterways"
3195,Southeastern municipalities and their suburbs,City of Kingston,Mid,552000.0,586500.0,632000.0,715000.0,775000.0,882500.0,935000.0,844000.0,970000,1130500,1150000,985000,2,108,7.6,"Aspendale, Aspendale Gardens, Mordialloc, Parkdale, Waterways"
3195,Southeastern municipalities and their suburbs,City of Kingston,Mid,642500.0,680000.0,755000.0,850000.0,933000.0,1120000.0,1046500.0,1017500.0,1089000,1375000,1327000,1355000,-3,107,7.5,"Aspendale, Aspendale Gardens, Mordialloc, Parkdale, Waterways"
3195,Southeastern municipalities and their suburbs,City of Kingston,Mid,677000.0,760000.0,860000.0,965000.0,1100000.0,1300000.0,1245000.0,1157500.0,1200500,1540000,1530000,1251500,-1,126,8.5,"Aspendale, Aspendale Gardens, Mordialloc, Parkdale, Waterways"
3195,Southeastern municipalities and their suburbs,City of Kingston,Mid,682000.0,667000.0,845000.0,902000.0,1050000.0,1127500.0,1110000.0,1270000.0,1408000,1445000,1475000,1275000,2,116,8.0,"Aspendale, Aspendale Gardens, Mordialloc, Parkdale, Waterways"
3196,Southeastern municipalities and their suburbs,City of Kingston,Mid,535000.0,580000.0,635000.0,700000.0,778000.0,882500.0,910000.0,855000.0,930000,1115000,1180000,995000,6,121,8.2,"Bonbeach, Chelsea, Chelsea Heights, Edithvale"
3196,Southeastern municipalities and their suburbs,City of Kingston,Mid,545000.0,577500.0,580000.0,730000.0,890000.0,914000.0,905000.0,856500.0,980000,1167500,1135000,1082500,-3,108,7.6,"Bonbeach, Chelsea, Chelsea Heights, Edithvale"
3196,Southeastern municipalities and their suburbs,City of Kingston,Mid,440000.0,465000.0,513000.0,598000.0,641000.0,750000.0,778000.0,750000.0,805000,977500,935000,877500,-4,113,7.8,"Bonbeach, Chelsea, Chelsea Heights, Edithvale"
3196,Southeastern municipalities and their suburbs,City of Kingston,Mid,625000.0,615000.0,670000.0,766000.0,930000.0,1058500.0,1047500.0,950000.0,1029500,1240000,1366500,1267500,10,119,8.1,"Bonbeach, Chelsea, Chelsea Heights, Edithvale"
3197,Southeastern municipalities and their suburbs,City of Kingston,Mid,499000.0,510000.0,536000.0,611000.0,750000.0,835500.0,860000.0,770000.0,830500,967000,992500,960000,3,99,7.1,"Carrum, Patterson Lakes, Patterson Gardens"
3197,Southeastern municipalities and their suburbs,City of Kingston,Mid,730000.0,645000.0,734000.0,787500.0,810000.0,1021500.0,1025000.0,924000.0,1100000,1308500,1494500,1361000,14,105,7.4,"Carrum, Patterson Lakes, Patterson Gardens"
3197,Southeastern municipalities and their suburbs,City of Kingston,Mid,610000.0,620000.0,672000.0,739000.0,812000.0,885000.0,890000.0,920000.0,970000,1155000,1300500,865000,13,113,7.9,"Carrum, Patterson Lakes, Patterson Gardens"
3169,Southeastern municipalities and their suburbs,City of Kingston,Mid,475500.0,525000.0,606500.0,682500.0,751000.0,866000.0,802500.0,820000.0,851500,1024500,1090000,929000,6,129,8.6,"Clarinda, Clayton South, Westall"
3169,Southeastern municipalities and their suburbs,City of Kingston,Mid,467500.0,522500.0,580000.0,690000.0,755000.0,850000.0,850000.0,832000.0,830000,982500,993000,942000,1,112,7.8,"Clarinda, Clayton South, Westall"
3169,Southeastern municipalities and their suburbs,City of Kingston,Mid,479000.0,513500.0,550000.0,610000.0,696000.0,780000.0,800000.0,744500.0,739000,855000,891500,842500,4,86,6.4,"Clarinda, Clayton South, Westall"
3194,Southeastern municipalities and their suburbs,City of Kingston,Mid,665000.0,705000.0,810000.0,950000.0,982500.0,1097500.0,1080000.0,1031000.0,1050000,1367500,1470000,1436000,7,121,8.3,Mentone
3168,Southeastern municipalities and their suburbs,City of Monash,Mid,572500.0,645000.0,750000.0,976000.0,1010500.0,1250000.0,1255000.0,1158000.0,1055000,1202500,1111000,1230000,-8,94,6.9,"Clayton, Clayton North, Notting Hill"
3168,Southeastern municipalities and their suburbs,City of Monash,Mid,649000.0,630000.0,850000.0,1100000.0,1100000.0,1234500.0,1330000.0,1377500.0,1330000,1300000,1322500,1306000,2,104,7.4,"Clayton, Clayton North, Notting Hill"
3168,Southeastern municipalities and their suburbs,City of Monash,Mid,547000.0,566500.0,660000.0,780000.0,872500.0,993000.0,957500.0,880000.0,930000,1141000,1058000,1200000,-7,94,6.8,"Clayton, Clayton North, Notting Hill"
3150,Southeastern municipalities and their suburbs,City of Monash,Mid,720000.0,815000.0,960000.0,1212500.0,1221000.0,1337500.0,1300000.0,1287500.0,1302500,1559000,1560000,1750500,0,117,8.0,"Glen Waverley, Syndal, Wheelers Hill"
3150,Southeastern municipalities and their suburbs,City of Monash,Mid,778000.0,950500.0,1160000.0,1505000.0,1410000.0,1585000.0,1530000.0,1499000.0,1570000,1787500,1867500,1400000,4,140,9.2,"Glen Waverley, Syndal, Wheelers Hill"
3150,Southeastern municipalities and their suburbs,City of Monash,Mid,669000.0,740000.0,805000.0,999000.0,1050000.0,1160000.0,1118500.0,1010000.0,1173500,1371000,1440000,1524000,5,115,8.0,"Glen Waverley, Syndal, Wheelers Hill"
3166,Southeastern municipalities and their suburbs,City of Monash,Mid,741500.0,820000.0,856000.0,1165000.0,1222500.0,1407000.0,1260000.0,1150500.0,1300000,1507500,1500000,1207500,0,102,7.3,"Hughesdale, Huntingdale, Oakleigh, Oakleigh East"
3166,Southeastern municipalities and their suburbs,City of Monash,Mid,590000.0,659000.0,728000.0,835000.0,924500.0,1132000.0,1010000.0,914000.0,1090000,1299500,1250000,1364000,-4,112,7.8,"Hughesdale, Huntingdale, Oakleigh, Oakleigh East"
3166,Southeastern municipalities and their suburbs,City of Monash,Mid,645000.0,753500.0,801500.0,1002000.0,1050000.0,1210000.0,1250000.0,1101000.0,1255000,1389500,1421000,1525000,2,120,8.2,"Hughesdale, Huntingdale, Oakleigh, Oakleigh East"
3166,Southeastern municipalities and their suburbs,City of Monash,Mid,610000.0,672000.0,820000.0,990000.0,983000.0,1195000.0,992500.0,950000.0,995000,1187500,1152500,884000,-3,89,6.6,"Hughesdale, Huntingdale, Oakleigh, Oakleigh East"
3149,Southeastern municipalities and their suburbs,City of Monash,Mid,733000.0,820000.0,950000.0,1267500.0,1265000.0,1416000.0,1320000.0,1270500.0,1300000,1511000,1506000,1407000,0,105,7.5,Mount Waverley
3170,Southeastern municipalities and their suburbs,City of Monash,Mid,533000.0,577500.0,627000.0,765500.0,786000.0,900500.0,860000.0,840000.0,850000,1000000,992000,933000,-1,86,6.4,Mulgrave
3936,Southeastern municipalities and their suburbs,Shire of Mornington Peninsula,Outer,451000.0,462000.0,492000.0,551000.0,583000.0,690000.0,786000.0,715000.0,762500,1000000,1100000,929500,10,144,9.3,"Dromana, Safety Beach"
3936,Southeastern municipalities and their suburbs,Shire of Mornington Peninsula,Outer,551000.0,515000.0,516500.0,595000.0,665000.0,780000.0,825000.0,810000.0,897500,1117000,1250000,1340000,12,127,8.5,"Dromana, Safety Beach"
3931,Southeastern municipalities and their suburbs,Shire of Mornington Peninsula,Outer,501500.0,525000.0,558000.0,641000.0,745000.0,800000.0,850000.0,810000.0,895000,1100000,1133500,1050000,3,126,8.5,Mornington
3930,Southeastern municipalities and their suburbs,Shire of Mornington Peninsula,Outer,680000.0,750000.0,777500.0,832000.0,950000.0,1137500.0,1220000.0,1180000.0,1313000,1700000,1725000,1782500,1,154,9.8,Mount Eliza
3934,Southeastern municipalities and their suburbs,Shire of Mornington Peninsula,Outer,715500.0,730000.0,745000.0,785000.0,965000.0,1050000.0,1202500.0,1262500.0,1420000,1818000,1880000,1685000,3,163,10.1,"Mount Martha, Balcombe, Osborne"
3934,Southeastern municipalities and their suburbs,Shire of Mornington Peninsula,Outer,686000.0,710000.0,737000.0,871000.0,950000.0,1100000.0,1240000.0,1125000.0,1300000,1750000,1852500,1865000,6,170,10.4,"Mount Martha, Balcombe, Osborne"
3934,Southeastern municipalities and their suburbs,Shire of Mornington Peninsula,Outer,507500.0,530000.0,540500.0,580000.0,640000.0,735000.0,757000.0,777500.0,850500,1112000,1130000,1012500,2,123,8.3,"Mount Martha, Balcombe, Osborne"
3939,Southeastern municipalities and their suburbs,Shire of Mornington Peninsula,Outer,350000.0,367000.0,365000.0,389000.0,445000.0,536000.0,590000.0,550000.0,595000,780000,812500,710500,4,132,8.8,"Rosebud, Rosebud South, Cape Schanck, Fingal"
3939,Southeastern municipalities and their suburbs,Shire of Mornington Peninsula,Outer,450000.0,425000.0,500000.0,515000.0,545000.0,647500.0,711500.0,697000.0,675000,951000,1085000,1110000,14,141,9.2,"Rosebud, Rosebud South, Cape Schanck, Fingal"
3939,Southeastern municipalities and their suburbs,Shire of Mornington Peninsula,Outer,655000.0,620000.0,557500.0,660000.0,667500.0,972500.0,845000.0,940000.0,1095500,1365000,1230000,2225000,-10,88,6.5,"Rosebud, Rosebud South, Cape Schanck, Fingal"
3939,Southeastern municipalities and their suburbs,Shire of Mornington Peninsula,Outer,600000.0,677500.0,730000.0,857500.0,840000.0,1000000.0,1350000.0,1240000.0,1312500,1807500,1975000,,9,229,12.7,"Rosebud, Rosebud South, Cape Schanck, Fingal"
3915,Southeastern municipalities and their suburbs,Shire of Mornington Peninsula,Outer,347000.0,345000.0,368000.0,365000.0,400000.0,507500.0,519500.0,506000.0,562000,651000,729000,682500,12,110,7.7,"Hastings, Hastings West"
3915,Southeastern municipalities and their suburbs,Shire of Mornington Peninsula,Outer,282500.0,280000.0,277000.0,289500.0,338000.0,425000.0,480000.0,430000.0,487500,590000,660000,577500,12,134,8.9,"Hastings, Hastings West"
3143,Southeastern municipalities and their suburbs,City of Stonnington,Mid,1500000.0,1675000.0,1750000.0,2172500.0,2364000.0,2300000.0,2341500.0,2490000.0,2625000,2700000,2714500,2080000,1,81,6.1,Armadale
3144,Southeastern municipalities and their suburbs,City of Stonnington,Mid,1550000.0,1508500.0,1946000.0,2230000.0,2332000.0,2750000.0,2661000.0,2570000.0,2865000,3001000,3020000,1750000,1,95,6.9,Malvern
3145,Southeastern municipalities and their suburbs,City of Stonnington,Mid,1039000.0,1200000.0,1380000.0,1610000.0,1729000.0,1824000.0,1900000.0,1789000.0,1890000,2110000,2275000,1511000,8,119,8.2,Malvern East
3181,Southeastern municipalities and their suburbs,City of Stonnington,Mid,932500.0,990000.0,1175000.0,1350000.0,1430000.0,1525000.0,1578000.0,1520000.0,1650000,1831000,1800000,1540000,-2,93,6.8,"Prahran, Windsor"
3181,Southeastern municipalities and their suburbs,City of Stonnington,Mid,818000.0,835000.0,956500.0,1094000.0,1505000.0,1420000.0,1422500.0,1350000.0,1350000,1645000,1650000,1399000,0,102,7.3,"Prahran, Windsor"
3142,Southeastern municipalities and their suburbs,City of Stonnington,Mid,2775000.0,2875000.0,3391000.0,3987500.0,4900000.0,5100000.0,4700000.0,4550000.0,5500000,6320000,6200000,3930000,-2,123,8.4,Toorak
3021,Western municipalities and their suburbs,City of Brimbank,Mid,310000.0,313000.0,328000.0,345000.0,439000.0,526500.0,546000.0,512000.0,545000,610000,600000,610000,-2,94,6.8,"Albanvale, Kealba, Kings Park, St Albans"
3021,Western municipalities and their suburbs,City of Brimbank,Mid,375000.0,370000.0,390000.0,400000.0,470000.0,595000.0,612000.0,596000.0,600000,660000,705000,665000,7,88,6.5,"Albanvale, Kealba, Kings Park, St Albans"
3021,Western municipalities and their suburbs,City of Brimbank,Mid,324000.0,315000.0,325000.0,355000.0,415000.0,532500.0,550000.0,510000.0,550000,600000,630000,600000,5,94,6.9,"Albanvale, Kealba, Kings Park, St Albans"
3021,Western municipalities and their suburbs,City of Brimbank,Mid,348000.0,350000.0,373500.0,428000.0,500000.0,610000.0,626500.0,594000.0,600000,675000,680500,650000,1,96,6.9,"Albanvale, Kealba, Kings Park, St Albans"
3020,Western municipalities and their suburbs,City of Brimbank,Mid,379500.0,379000.0,432000.0,481000.0,593000.0,730000.0,755000.0,675000.0,727500,832500,830000,670000,0,119,8.1,"Albion, Sunshine, Sunshine North, Sunshine West"
3020,Western municipalities and their suburbs,City of Brimbank,Mid,400000.0,435000.0,483500.0,530500.0,675000.0,765000.0,742000.0,720000.0,750000,870000,855000,695000,-2,114,7.9,"Albion, Sunshine, Sunshine North, Sunshine West"
3020,Western municipalities and their suburbs,City of Brimbank,Mid,395000.0,400000.0,425500.0,495000.0,560000.0,653000.0,673500.0,647000.0,690000,720000,750000,730000,4,90,6.6,"Albion, Sunshine, Sunshine North, Sunshine West"
3020,Western municipalities and their suburbs,City of Brimbank,Mid,375000.0,384500.0,395000.0,450000.0,520000.0,639000.0,635000.0,635000.0,657000,745000,751500,638000,1,100,7.2,"Albion, Sunshine, Sunshine North, Sunshine West"
3022,Western municipalities and their suburbs,City of Brimbank,Mid,342500.0,330000.0,360000.0,381500.0,517500.0,595000.0,629000.0,572000.0,615000,719000,682000,592500,-5,99,7.1,Ardeer
3012,Western municipalities and their suburbs,City of Maribyrnong,Mid,470000.0,491500.0,540000.0,602000.0,700500.0,834000.0,695000.0,672500.0,700000,860000,811500,945000,-6,73,5.6,"Brooklyn, Brooklyn, Kingsville, Maidstone, West Footscray"
3012,Western municipalities and their suburbs,City of Maribyrnong,Mid,470000.0,491500.0,540000.0,602000.0,700500.0,834000.0,695000.0,672500.0,700000,860000,811500,945000,-6,73,5.6,"Brooklyn, Brooklyn, Kingsville, Maidstone, West Footscray"
3012,Western municipalities and their suburbs,City of Maribyrnong,Mid,597500.0,635000.0,703500.0,785000.0,925000.0,1020000.0,990000.0,1010000.0,970000,1225000,1287500,1090000,5,115,8.0,"Brooklyn, Brooklyn, Kingsville, Maidstone, West Footscray"
3012,Western municipalities and their suburbs,City of Maribyrnong,Mid,499000.0,535000.0,587500.0,630000.0,695000.0,825000.0,798500.0,779000.0,789500,850000,885000,897500,4,77,5.9,"Brooklyn, Brooklyn, Kingsville, Maidstone, West Footscray"
3012,Western municipalities and their suburbs,City of Maribyrnong,Mid,532500.0,553000.0,637500.0,697000.0,798000.0,887500.0,875000.0,785000.0,835000,1050000,960500,915000,-9,80,6.1,"Brooklyn, Brooklyn, Kingsville, Maidstone, West Footscray"
3023,Western municipalities and their suburbs,City of Brimbank,Mid,440000.0,480000.0,545000.0,540000.0,608500.0,710000.0,734000.0,752500.0,807500,850000,941500,900000,11,114,7.9,"Cairnlea, Deer Park, Burnside, Burnside Heights, Caroline Springs, Cobblebank, Deanside"
3023,Western municipalities and their suburbs,City of Brimbank,Mid,345000.0,348000.0,365000.0,390000.0,441000.0,552500.0,580000.0,550000.0,580000,630000,635000,618000,1,84,6.3,"Cairnlea, Deer Park, Burnside, Burnside Heights, Caroline Springs, Cobblebank, Deanside"
3023,Western municipalities and their suburbs,City of Melton,Outer,385000.0,390000.0,401000.0,415000.0,518500.0,572500.0,605000.0,605000.0,660000,720000,780000,811500,8,103,7.3,"Cairnlea, Deer Park, Burnside, Burnside Heights, Caroline Springs, Cobblebank, Deanside"
3023,Western municipalities and their suburbs,City of Melton,Outer,420000.0,427000.0,442500.0,460000.0,522000.0,590000.0,633000.0,591000.0,652500,701000,749000,740000,7,78,6.0,"Cairnlea, Deer Park, Burnside, Burnside Heights, Caroline Springs, Cobblebank, Deanside"
3023,Western municipalities and their suburbs,City of Melton,Outer,427500.0,435000.0,460000.0,480000.0,530000.0,611000.0,620000.0,620000.0,650000,720000,749000,670000,4,75,5.8,"Cairnlea, Deer Park, Burnside, Burnside Heights, Caroline Springs, Cobblebank, Deanside"
3023,Western municipalities and their suburbs,City of Melton,Outer,400000.0,335500.0,323000.0,318000.0,328000.0,374000.0,460000.0,480000.0,510000,565000,645000,590000,14,61,4.9,"Cairnlea, Deer Park, Burnside, Burnside Heights, Caroline Springs, Cobblebank, Deanside"
3023,Western municipalities and their suburbs,City of Melton,Outer,,,,,,340000.0,454000.0,335000.0,502500,580000,610000,669500,5,,,"Cairnlea, Deer Park, Burnside, Burnside Heights, Caroline Springs, Cobblebank, Deanside"
3037,Western municipalities and their suburbs,City of Brimbank,Mid,360000.0,372500.0,370000.0,400000.0,458000.0,545000.0,575000.0,530000.0,575000,645000,650000,659000,1,81,6.1,"Delahey, Sydenham"
3037,Western municipalities and their suburbs,City of Brimbank,Mid,415000.0,425000.0,415000.0,440000.0,505000.0,590000.0,620000.0,595000.0,635000,693500,707500,700000,2,70,5.5,"Delahey, Sydenham"
3030,Western municipalities and their suburbs,City of Brimbank,Mid,410000.0,417000.0,435000.0,466000.0,530000.0,635000.0,615000.0,649000.0,658000,715000,770000,740000,8,88,6.5,"Derrimut, Point Cook, Sanctuary Lakes, Werribee, Werribee South"
3030,Western municipalities and their suburbs,City of Wyndham,Outer,435000.0,450000.0,445000.0,465000.0,505000.0,590000.0,630000.0,635000.0,664000,739000,780000,750000,6,79,6.0,"Derrimut, Point Cook, Sanctuary Lakes, Werribee, Werribee South"
3030,Western municipalities and their suburbs,City of Wyndham,Outer,512500.0,480000.0,485000.0,570000.0,503000.0,629000.0,627500.0,625000.0,653500,715000,750000,723000,5,46,3.9,"Derrimut, Point Cook, Sanctuary Lakes, Werribee, Werribee South"
3030,Western municipalities and their suburbs,City of Wyndham,Outer,300000.0,309000.0,315000.0,335000.0,403000.0,470000.0,510000.0,500000.0,516000,570000,614000,587000,8,105,7.4,"Derrimut, Point Cook, Sanctuary Lakes, Werribee, Werribee South"
3030,Western municipalities and their suburbs,City of Wyndham,Outer,440000.0,538000.0,585000.0,680000.0,540000.0,650000.0,735000.0,744500.0,650000,822500,855000,856000,4,94,6.9,"Derrimut, Point Cook, Sanctuary Lakes, Werribee, Werribee South"
3038,Western municipalities and their suburbs,City of Brimbank,Mid,400000.0,403500.0,429000.0,496500.0,562000.0,670000.0,660000.0,630000.0,660000,775000,770000,790000,-1,93,6.8,"Keilor Downs, Keilor Lodge, Taylors Lakes"
3038,Western municipalities and their suburbs,City of Brimbank,Mid,480000.0,490000.0,500000.0,555500.0,607500.0,760000.0,715000.0,740000.0,757500,865000,880000,980000,2,83,6.2,"Keilor Downs, Keilor Lodge, Taylors Lakes"
3038,Western municipalities and their suburbs,City of Brimbank,Mid,477500.0,490000.0,510000.0,561500.0,635000.0,720000.0,763500.0,750000.0,777500,883500,935000,820000,6,96,7.0,"Keilor Downs, Keilor Lodge, Taylors Lakes"
3018,Western municipalities and their suburbs,City of Hobsons Bay,Mid,570000.0,572500.0,646500.0,718000.0,829000.0,950000.0,932500.0,890000.0,914000,1160000,1175000,1175000,1,106,7.5,"Altona, Seaholme"
3018,Western municipalities and their suburbs,City of Hobsons Bay,Mid,600000.0,640000.0,670000.0,802500.0,872500.0,1157500.0,1015000.0,1020000.0,937500,1209500,1120000,,-7,87,6.4,"Altona, Seaholme"
3028,Western municipalities and their suburbs,City of Hobsons Bay,Mid,375000.0,390000.0,413000.0,440000.0,495000.0,625000.0,631500.0,615000.0,640000,720000,740000,661500,3,97,7.0,"Altona Meadows, Laverton South, Laverton, Seabrook, Laverton"
3028,Western municipalities and their suburbs,City of Hobsons Bay,Mid,390500.0,392500.0,425000.0,450000.0,528500.0,610500.0,646000.0,622500.0,647500,730000,752000,684500,3,93,6.8,"Altona Meadows, Laverton South, Laverton, Seabrook, Laverton"
3028,Western municipalities and their suburbs,City of Hobsons Bay,Mid,320000.0,325000.0,358000.0,377500.0,429000.0,535000.0,579000.0,529000.0,560000,605000,610000,565000,1,91,6.7,"Altona Meadows, Laverton South, Laverton, Seabrook, Laverton"
3028,Western municipalities and their suburbs,City of Wyndham,Outer,320000.0,325000.0,358000.0,377500.0,429000.0,535000.0,579000.0,529000.0,560000,605000,610000,565000,1,91,6.7,"Altona Meadows, Laverton South, Laverton, Seabrook, Laverton"
3028,Western municipalities and their suburbs,City of Hobsons Bay,Mid,403500.0,422500.0,402500.0,456000.0,509000.0,635000.0,672500.0,626500.0,652500,730000,755000,750000,3,87,6.5,"Altona Meadows, Laverton South, Laverton, Seabrook, Laverton"
3025,Western municipalities and their suburbs,City of Hobsons Bay,Mid,484000.0,510000.0,555000.0,645000.0,726000.0,828000.0,830000.0,790000.0,832500,960000,957500,880000,0,98,7.1,"Altona North, Altona East"
3025,Western municipalities and their suburbs,City of Hobsons Bay,Mid,550000.0,561000.0,603000.0,650000.0,795000.0,885000.0,902000.0,855000.0,870000,980000,1080000,867500,10,96,7.0,"Altona North, Altona East"
3015,Western municipalities and their suburbs,City of Hobsons Bay,Mid,630000.0,695000.0,740000.0,825000.0,950000.0,1080000.0,1059000.0,1055000.0,1090000,1288000,1280000,1297500,-1,103,7.3,"Newport, Spotswood, South Kingsville"
3015,Western municipalities and their suburbs,City of Hobsons Bay,Mid,655000.0,680000.0,640000.0,795000.0,917500.0,1027500.0,1080000.0,950000.0,985000,1260000,1260000,1360000,0,92,6.8,"Newport, Spotswood, South Kingsville"
3015,Western municipalities and their suburbs,City of Hobsons Bay,Mid,610000.0,619500.0,671000.0,742000.0,903000.0,980000.0,1000000.0,859000.0,992000,1100000,972500,,-12,59,4.8,"Newport, Spotswood, South Kingsville"
3016,Western municipalities and their suburbs,City of Hobsons Bay,Mid,901000.0,920000.0,970000.0,1120000.0,1282500.0,1440000.0,1415000.0,1350000.0,1402500,1638500,1662500,1390000,1,85,6.3,"Williamstown, Williamstown North"
3016,Western municipalities and their suburbs,City of Hobsons Bay,Mid,680000.0,768000.0,803500.0,862500.0,1135500.0,1003000.0,880000.0,965000.0,905000,1250000,1021500,,-18,50,4.2,"Williamstown, Williamstown North"
3019,Western municipalities and their suburbs,City of Maribyrnong,Mid,396000.0,424000.0,479500.0,550000.0,629000.0,665000.0,728500.0,646500.0,670000,743500,795000,688500,7,101,7.2,Braybrook
3011,Western municipalities and their suburbs,City of Maribyrnong,Mid,568000.0,600000.0,645000.0,690500.0,775000.0,883500.0,899000.0,820000.0,873000,970000,990000,860000,2,74,5.7,"Footscray, Seddon"
3011,Western municipalities and their suburbs,City of Maribyrnong,Mid,670000.0,675000.0,730000.0,830000.0,934500.0,982500.0,1018500.0,960000.0,1100000,1244000,1050000,1215000,-16,57,4.6,"Footscray, Seddon"
3013,Western municipalities and their suburbs,City of Maribyrnong,Mid,613000.0,696000.0,710000.0,810000.0,900500.0,1000000.0,1045000.0,971000.0,1033000,1195000,1205000,1070000,1,97,7.0,"Yarraville, Aintree, Bonnie Brook"
3013,Western municipalities and their suburbs,City of Melton,Outer,,,,600000.0,600000.0,571000.0,557500.0,575000.0,630000,719000,760000,710000,6,,,"Yarraville, Aintree, Bonnie Brook"
3013,Western municipalities and their suburbs,City of Melton,Outer,,,,,,,,,315000,492500,650000,645000,32,,,"Yarraville, Aintree, Bonnie Brook"
3338,Western municipalities and their suburbs,City of Melton,Outer,332000.0,330000.0,350500.0,340000.0,360000.0,425000.0,491500.0,445000.0,500000,537500,570000,570000,6,72,5.6,"Brookfield, Eynesbury, Fraser Rise, Harkness, Melton South, Eynesbury"
3338,Western municipalities and their suburbs,City of Melton,Outer,400000.0,390500.0,390000.0,403500.0,459000.0,484000.0,550000.0,555000.0,600000,676500,707500,658500,5,77,5.9,"Brookfield, Eynesbury, Fraser Rise, Harkness, Melton South, Eynesbury"
3338,Western municipalities and their suburbs,City of Wyndham,Outer,400000.0,390500.0,390000.0,403500.0,459000.0,484000.0,550000.0,555000.0,600000,676500,707500,658500,5,77,5.9,"Brookfield, Eynesbury, Fraser Rise, Harkness, Melton South, Eynesbury"
3338,Western municipalities and their suburbs,City of Melton,Outer,634500.0,455000.0,490000.0,465000.0,483000.0,541000.0,615000.0,595000.0,625000,675000,717500,700000,6,13,1.2,"Brookfield, Eynesbury, Fraser Rise, Harkness, Melton South, Eynesbury"
3338,Western municipalities and their suburbs,City of Melton,Outer,329000.0,330000.0,340000.0,350000.0,360000.0,420000.0,485000.0,475000.0,490000,535000,595000,575000,11,81,6.1,"Brookfield, Eynesbury, Fraser Rise, Harkness, Melton South, Eynesbury"
3338,Western municipalities and their suburbs,City of Melton,Outer,230000.0,230000.0,238000.0,260000.0,276000.0,377000.0,417000.0,390000.0,420000,465000,515000,495000,11,124,8.4,"Brookfield, Eynesbury, Fraser Rise, Harkness, Melton South, Eynesbury"
3337,Western municipalities and their suburbs,City of Melton,Outer,281000.0,287000.0,280000.0,289500.0,310000.0,370000.0,435000.0,420000.0,432000,485000,550000,500000,13,96,6.9,"Kurunjang, Melton, Melton West"
3337,Western municipalities and their suburbs,City of Melton,Outer,250000.0,245000.0,240000.0,255000.0,280500.0,369000.0,415000.0,385000.0,390000,455000,500000,456000,10,100,7.2,"Kurunjang, Melton, Melton West"
3337,Western municipalities and their suburbs,City of Melton,Outer,283000.0,285500.0,290000.0,295000.0,330000.0,409000.0,453000.0,428000.0,470000,515000,551000,550000,7,95,6.9,"Kurunjang, Melton, Melton West"
3335,Western municipalities and their suburbs,City of Melton,Outer,262000.0,309000.0,280000.0,300000.0,347000.0,455000.0,500000.0,497000.0,465000,567500,622500,620000,10,138,9.0,"Rockbank, Strathtulloh, Taylors Hill, Thornhill Park"
3335,Western municipalities and their suburbs,City of Melton,Outer,191000.0,350000.0,440000.0,425000.0,430000.0,359000.0,425000.0,507500.0,522500,585500,629500,593000,8,230,12.7,"Rockbank, Strathtulloh, Taylors Hill, Thornhill Park"
3335,Western municipalities and their suburbs,City of Melton,Outer,480000.0,487500.0,510000.0,530000.0,600000.0,686000.0,723000.0,702000.0,754000,840000,908000,897500,8,89,6.6,"Rockbank, Strathtulloh, Taylors Hill, Thornhill Park"
3335,Western municipalities and their suburbs,City of Melton,Outer,,,,,441000.0,447000.0,578000.0,535000.0,540000,565000,600000,632500,6,,,"Rockbank, Strathtulloh, Taylors Hill, Thornhill Park"
3029,Western municipalities and their suburbs,City of Melton,Outer,341500.0,360000.0,390000.0,391000.0,430000.0,519500.0,570000.0,575000.0,580000,616000,657500,625000,7,93,6.8,"Truganina, Weir Views, Hoppers Crossing, Tarneit, Truganina"
3029,Western municipalities and their suburbs,City of Wyndham,Outer,341500.0,360000.0,390000.0,391000.0,430000.0,519500.0,570000.0,575000.0,580000,616000,657500,625000,7,93,6.8,"Truganina, Weir Views, Hoppers Crossing, Tarneit, Truganina"
3029,Western municipalities and their suburbs,City of Melton,Outer,407000.0,327500.0,388000.0,389000.0,418000.0,440000.0,470000.0,465000.0,495500,530000,579000,576000,9,42,3.6,"Truganina, Weir Views, Hoppers Crossing, Tarneit, Truganina"
3029,Western municipalities and their suburbs,City of Wyndham,Outer,312500.0,321500.0,340000.0,365500.0,415000.0,516000.0,552000.0,526500.0,550000,585000,620000,625000,6,98,7.1,"Truganina, Weir Views, Hoppers Crossing, Tarneit, Truganina"
3029,Western municipalities and their suburbs,City of Wyndham,Outer,356000.0,371000.0,395000.0,400000.0,445000.0,515000.0,570000.0,550000.0,570000,602500,650000,651000,8,83,6.2,"Truganina, Weir Views, Hoppers Crossing, Tarneit, Truganina"
3024,Western municipalities and their suburbs,City of Wyndham,Outer,345000.0,340500.0,360000.0,385000.0,417500.0,490000.0,526000.0,533000.0,570000,596000,648000,605500,9,88,6.5,"Manor Lakes, Wyndham Vale, Mambourin"
3024,Western municipalities and their suburbs,City of Wyndham,Outer,286500.0,288000.0,306000.0,325000.0,365000.0,435500.0,474000.0,460500.0,480000,530000,580000,555000,9,102,7.3,"Manor Lakes, Wyndham Vale, Mambourin"
3024,Western municipalities and their suburbs,City of Wyndham,Outer,,,,,,,,,329500,597500,631500,652500,6,,,"Manor Lakes, Wyndham Vale, Mambourin"
